#OTU ID	GSVY1IH01.MID4.pool1-1	GG349S001.MID13.1320	GSVY1IH02.MID8.pool2-8	GSVY1IH02.MID10.pool2-1	GSVY1IH03.MID9.pool3-9	GSVY1IH03.MID8.pool3-8	GSVY1IH03.MID6.pool3-6	GSVY1IH04.MID12.pool4-12	GSVY1IH03.MID12.pool3-1	GG349S002.MID13.1321	GSVY1IH01.MID12.pool1-12	GG349S003.MID13.1322	GSVY1IH01.MID2.pool1-2	GG349S007.MID13.1327	GSVY1IH01.MID8.pool1-8	GSVY1IH02.MID2.pool2-2	GSVY1IH03.MID7.pool3-7	GSVY1IH03.MID12.pool3-12	GSVY1IH04.MID2.pool4-2	GSVY1IH01.MID7.pool1-7	GSVY1IH04.MID7.pool4-7	GSVY1IH03.MID3.pool3-3	GG349S004.MID13.1323	GSVY1IH04.MID6.pool4-6	GSVY1IH04.MID3.pool4-3	GSVY1IH01.MID6.pool1-6	GSVY1IH02.MID7.pool2-7	GSVY1IH04.MID8.pool4-8	GSVY1IH02.MID6.pool2-6	GSVY1IH01.MID4.pool1-4	GSVY1IH01.MID9.pool1-9	GSVY1IH02.MID4.pool2-4	GG349S005.MID13.1325	GSVY1IH03.MID4.pool3-4	GSVY1IH04.MID4.pool4-4	GSVY1IH04.MID9.pool4-9	GG349S006.MID13.1326	GSVY1IH01.MID5.pool1-5	GSVY1IH01.MID10.pool1-10	GG349S008.MID13.1328
denovo56	0	0	12	141	98	40	0	41	0	0	9	0	2	0	5	292	0	8	2	18	0	0	0	0	0	0	0	27	0	0	12	0	0	0	0	1	2	0	0	50
denovo58	0	0	15	1	10	18	0	2	7	0	28	0	2	246	14	16	3	11	0	24	0	0	81	1	0	18	1	104	15	0	18	0	2	0	0	19	2	9	0	69
denovo59	13	0	0	0	6	0	0	0	0	0	0	0	0	3	0	0	0	0	0	0	0	1	0	0	1	0	0	0	0	0	135	0	141	0	0	7	0	0	1	412
denovo57	0	0	0	0	0	0	0	0	1	0	0	2	0	0	0	0	0	0	0	0	0	2	7	0	11	0	0	0	0	14	0	0	1	1	1	0	177	0	518	0
denovo452	1	0	0	0	0	0	0	0	2	0	0	0	2	3	0	0	0	0	0	0	0	1	0	0	2	0	0	0	0	3	0	0	0	0	4	0	2	0	0	0
denovo727	0	2	1	0	0	0	0	0	0	3	0	1	0	0	0	0	0	0	0	0	0	0	0	0	0	0	0	0	0	0	0	0	2	0	0	0	0	1	0	0
denovo725	0	0	0	0	0	0	0	0	0	0	0	0	0	0	0	0	0	0	0	0	0	0	0	0	0	0	0	0	0	0	0	0	0	0	0	0	8	0	0	0
denovo754	0	3	0	0	0	0	0	0	0	0	0	0	0	0	0	0	0	0	0	0	2	0	0	0	0	0	0	0	0	0	0	0	5	0	0	0	0	0	0	0
denovo722	0	0	0	0	0	0	2	0	0	0	0	0	0	3	4	0	0	0	0	0	0	0	0	0	0	0	0	0	0	0	0	0	0	0	1	0	0	0	0	0
denovo720	0	0	0	0	0	0	0	0	0	0	0	0	0	0	0	0	0	0	0	0	0	1	0	0	1	0	0	1	0	4	0	0	0	0	0	0	1	0	0	0
denovo755	0	0	0	1	0	0	0	0	0	0	0	0	0	0	0	0	0	0	6	0	0	0	0	0	0	0	0	0	0	0	0	0	1	0	0	0	0	1	0	0
denovo752	0	10	0	0	0	0	0	0	0	0	0	0	0	0	0	0	0	0	0	0	0	0	0	0	0	0	0	0	0	0	0	0	0	0	0	0	0	0	0	0
denovo323	0	0	0	0	0	0	0	0	0	3	0	9	0	0	0	0	0	0	1	0	0	0	0	0	0	0	21	0	0	0	0	0	2	0	0	0	0	1	0	0
denovo322	0	0	0	0	0	0	2	0	0	0	0	0	0	0	0	0	0	0	0	0	0	0	0	23	0	7	2	0	3	0	0	0	0	0	0	0	0	0	0	0
denovo321	0	0	0	0	0	0	0	0	0	0	0	0	0	0	0	0	0	0	0	0	0	0	0	0	0	0	0	0	0	0	0	0	37	0	0	0	0	0	0	0
denovo327	0	0	0	0	0	0	0	0	0	0	0	0	0	0	0	0	0	0	0	0	0	0	0	0	0	0	0	0	0	0	0	0	0	0	0	0	0	0	36	0
denovo326	0	0	5	0	0	0	0	2	0	1	0	0	0	2	0	0	0	0	0	0	0	0	0	0	0	1	0	0	0	0	0	3	20	0	0	0	0	0	0	1
denovo325	0	0	0	0	0	32	0	3	0	0	0	0	0	0	0	0	0	0	0	0	0	0	0	0	0	0	0	0	0	0	0	0	0	0	0	0	0	0	1	0
denovo324	0	0	0	0	0	0	0	0	0	0	0	0	0	0	0	0	0	0	0	3	0	0	0	0	0	0	0	0	0	0	0	0	0	33	0	0	0	0	0	0
denovo329	0	0	2	0	0	0	0	0	0	0	0	0	0	0	0	1	0	0	5	0	0	0	0	0	0	17	0	0	0	0	1	0	0	0	0	3	0	0	0	7
denovo750	0	0	0	0	0	0	0	0	0	0	0	0	0	0	0	0	3	3	0	0	0	0	0	0	0	0	0	0	0	0	0	0	0	1	0	0	0	0	0	0
denovo187	0	0	1	2	0	0	0	0	0	0	0	0	0	0	0	0	0	0	0	0	0	0	0	0	0	0	0	0	0	0	0	0	0	0	0	0	0	0	0	0
denovo186	0	0	0	0	0	0	0	0	0	0	13	6	0	0	0	0	0	0	0	2	0	55	3	0	0	0	0	0	0	0	0	0	0	0	0	0	31	0	0	0
denovo185	0	0	0	49	0	0	0	0	1	0	0	0	0	0	2	0	0	0	0	0	0	0	17	0	0	0	0	0	0	0	4	0	9	0	0	0	0	1	0	23
denovo184	0	6	0	0	18	5	0	0	0	0	0	9	0	0	0	0	0	0	1	22	0	0	0	0	0	0	13	0	0	0	1	0	0	0	0	0	0	39	0	0
denovo183	3	40	3	0	0	1	0	5	0	0	15	0	1	0	0	0	1	1	13	1	0	1	0	7	0	2	0	0	1	1	1	0	11	0	0	0	0	4	2	0
denovo181	2	65	1	42	0	0	0	0	0	0	0	0	0	0	0	0	0	0	0	0	0	0	0	0	0	0	0	0	0	0	0	10	0	0	0	0	0	0	0	0
denovo180	5	0	0	2	0	0	5	0	11	0	0	0	7	0	0	0	0	0	0	0	0	7	0	0	24	0	0	0	0	16	0	2	0	2	18	0	0	0	2	0
denovo189	1	1	0	4	0	0	0	1	6	4	1	0	0	0	0	0	9	0	1	15	41	0	0	1	0	1	5	0	4	0	0	0	5	0	0	0	0	1	1	0
denovo188	0	101	0	0	0	0	0	0	0	0	0	0	0	1	0	0	0	0	0	0	0	0	4	0	0	0	0	0	1	0	0	1	1	0	0	0	0	0	0	1
denovo437	0	0	0	0	0	0	0	0	0	0	0	0	1	9	4	0	0	0	0	0	0	0	0	0	0	0	0	0	0	0	1	1	3	0	0	0	0	0	0	0
denovo436	0	5	0	1	0	1	0	0	0	0	0	1	0	3	0	0	0	0	0	0	0	0	5	1	0	0	1	0	1	0	0	0	2	0	0	0	0	0	0	0
denovo435	0	0	0	0	0	0	0	0	0	0	0	0	0	0	0	0	0	0	0	0	0	0	0	0	0	0	0	0	0	0	2	0	8	0	0	0	0	1	0	10
denovo434	0	0	3	0	0	3	0	0	0	0	0	0	0	0	3	0	0	0	0	0	0	0	0	0	0	0	0	12	0	0	0	0	0	0	0	0	0	0	0	0
denovo433	0	0	0	0	0	0	5	0	1	0	0	0	1	5	1	0	0	0	0	0	0	0	0	0	0	0	0	0	1	1	0	2	0	0	2	0	0	1	0	0
denovo432	0	0	0	0	0	0	4	0	0	0	0	0	1	4	4	0	0	0	0	2	0	0	0	0	0	0	0	0	0	2	0	0	3	0	1	0	0	0	0	0
denovo431	1	5	0	0	0	0	0	0	0	0	0	0	0	0	0	0	0	0	0	1	0	0	5	1	0	0	0	0	4	0	0	2	1	0	0	0	0	0	0	1
denovo439	0	7	2	0	0	0	0	0	0	0	0	1	0	1	0	0	0	0	0	0	0	0	6	1	0	0	1	0	0	0	0	0	1	0	0	0	0	1	0	0
denovo438	4	7	2	0	0	1	0	0	0	0	1	0	0	0	0	0	0	0	0	0	1	1	0	1	0	0	0	0	2	0	0	0	1	0	0	0	0	0	0	0
denovo619	0	0	1	0	0	0	0	0	0	0	0	1	0	1	0	0	0	0	0	0	0	0	0	2	0	0	1	0	0	0	0	0	2	0	0	0	0	0	0	0
denovo617	0	0	0	0	0	0	0	4	0	0	0	0	1	0	0	1	0	1	0	0	0	0	0	0	0	0	0	0	0	0	0	0	0	0	1	0	0	1	0	0
denovo613	0	0	0	0	0	0	1	0	0	0	0	0	0	10	0	0	0	0	0	0	0	0	0	0	0	0	0	0	0	0	0	0	1	0	0	0	0	0	0	0
denovo611	0	0	0	0	0	0	0	0	1	0	0	0	2	0	1	0	0	0	0	0	0	0	0	0	3	0	0	0	0	1	0	0	0	0	2	0	1	0	0	0
denovo129	0	0	0	0	0	0	0	0	1	0	0	0	119	4	1	0	0	0	7	0	0	0	0	0	0	0	0	0	0	0	0	0	4	1	0	0	0	0	0	0
denovo509	0	5	0	0	0	0	1	0	0	0	0	1	0	0	0	0	0	0	0	0	0	0	4	0	0	0	0	0	2	0	1	1	2	0	0	0	0	0	0	0
denovo503	0	6	0	0	0	0	0	0	0	0	1	0	0	2	0	0	0	0	0	0	0	0	3	0	0	1	1	0	2	0	0	1	0	0	0	0	0	0	0	0
denovo502	0	0	0	0	0	0	0	0	0	0	0	0	0	0	0	0	0	0	0	0	0	0	0	0	0	0	16	0	0	0	0	0	0	0	0	0	0	1	0	0
denovo69	0	0	0	0	1	0	1	156	0	0	24	0	0	1	0	0	0	25	0	1	0	0	0	0	0	15	0	0	0	0	34	0	1	0	0	3	0	0	0	219
denovo500	0	0	0	1	0	0	0	0	0	0	0	0	0	0	0	0	0	0	0	0	0	0	0	0	0	0	0	0	0	0	0	0	0	0	0	0	16	0	0	0
denovo507	0	13	1	0	0	0	0	0	0	0	0	0	0	0	0	0	0	0	0	0	0	0	0	0	0	0	2	0	0	0	0	0	0	0	0	0	0	0	0	0
denovo506	0	1	0	0	0	0	0	11	0	0	2	0	0	0	0	0	0	1	0	0	0	0	0	0	0	0	0	0	0	0	0	0	0	0	0	0	0	0	0	0
denovo505	0	8	0	0	0	0	0	0	0	9	0	0	0	0	0	0	0	0	0	0	0	0	0	0	0	0	0	0	0	0	0	0	0	0	0	0	0	0	0	0
denovo653	2	0	0	0	1	0	0	0	0	0	4	0	0	0	0	0	0	0	0	0	0	0	0	0	0	0	0	0	0	0	0	0	0	0	0	0	0	0	0	0
denovo120	0	0	0	0	1	0	0	0	0	214	0	9	0	0	0	0	0	0	2	0	0	0	0	0	0	0	0	0	0	0	0	0	15	0	0	0	0	0	0	0
denovo651	0	0	0	0	0	0	0	0	0	0	0	0	0	0	0	0	0	0	0	0	0	0	0	0	0	0	0	0	0	0	0	12	0	0	0	0	0	0	0	0
denovo122	0	0	5	0	0	0	0	59	0	41	67	2	0	0	0	0	2	26	0	9	2	0	0	2	0	0	0	0	0	0	0	0	12	0	1	0	0	2	2	0
denovo228	0	0	0	0	10	0	0	0	0	0	0	0	0	0	0	0	0	0	0	0	0	0	0	0	0	0	2	0	0	0	18	0	5	0	0	1	0	0	0	0
denovo667	0	0	0	0	0	0	0	0	0	0	0	0	1	7	0	0	1	0	0	0	0	0	0	0	0	1	0	0	0	0	0	0	0	0	0	0	0	0	0	0
denovo657	0	0	0	0	0	1	0	0	1	0	0	0	0	0	0	0	0	0	0	0	0	0	0	0	0	0	0	0	0	1	0	0	0	1	2	0	2	0	0	0
denovo656	0	0	0	0	0	0	0	0	0	0	0	0	0	0	0	0	0	0	0	0	0	0	0	0	0	0	0	0	0	0	0	0	0	0	0	0	12	0	0	0
denovo127	0	0	0	0	0	0	0	0	0	0	0	0	0	0	1	0	0	0	0	0	0	0	0	0	0	0	0	0	0	0	0	0	0	218	1	0	0	0	0	0
denovo665	0	2	0	0	0	0	0	0	0	0	0	0	0	2	0	0	0	0	0	0	1	0	1	2	0	0	1	0	0	0	0	0	2	0	0	0	0	0	0	0
denovo430	0	0	0	0	0	0	0	0	0	0	0	0	0	0	0	0	0	0	0	0	0	0	4	0	0	0	0	0	0	0	0	0	0	0	0	0	0	0	0	17
denovo232	0	0	0	0	0	0	1	0	0	19	0	53	0	2	0	0	0	0	0	1	0	0	0	0	0	0	0	0	0	0	0	0	0	0	0	0	0	0	0	0
denovo487	0	0	0	0	0	0	0	0	1	0	0	0	1	0	2	0	0	0	0	0	0	0	0	0	0	0	0	0	0	4	0	0	0	4	4	0	0	0	0	0
denovo696	0	0	0	1	0	0	0	0	0	0	0	0	0	0	0	1	0	0	7	0	0	0	0	0	0	0	0	0	0	0	0	0	0	0	0	0	0	1	0	0
denovo91	0	16	0	5	1	0	0	0	0	1	0	15	35	0	0	17	0	0	133	0	0	0	0	0	0	0	0	0	0	0	53	0	48	0	0	3	1	0	0	12
denovo693	0	4	2	0	0	0	0	0	1	0	0	2	0	0	0	0	0	0	0	0	0	0	0	0	0	0	0	0	0	0	0	0	2	0	0	0	0	0	0	0
denovo334	0	0	0	18	0	0	1	0	0	0	0	0	0	0	1	2	0	0	0	0	0	0	1	0	0	11	0	0	1	0	0	0	0	0	0	0	0	0	0	0
denovo336	0	0	0	0	0	0	0	0	0	0	0	0	0	0	0	0	6	0	0	6	20	0	0	0	0	0	3	0	0	0	0	0	0	0	0	0	0	0	0	0
denovo337	0	0	18	0	0	0	1	0	0	0	0	0	0	6	4	0	0	0	0	0	0	0	0	0	0	0	0	1	0	0	0	0	3	0	1	0	0	0	0	0
denovo330	0	0	0	5	10	0	0	0	0	0	0	0	0	21	0	0	0	0	0	0	0	0	0	0	0	0	0	0	0	0	0	0	0	0	0	0	0	0	0	0
denovo331	0	0	0	0	0	14	0	0	0	0	0	5	0	0	0	0	0	0	0	0	0	0	0	0	0	0	0	0	0	0	0	0	0	0	0	0	0	3	13	0
denovo332	0	0	0	2	1	1	0	0	0	0	1	6	1	0	0	2	0	0	7	0	0	0	0	0	0	0	0	0	1	0	0	0	4	0	0	2	0	2	1	0
denovo333	0	0	0	0	0	0	0	0	1	0	0	0	0	0	0	0	0	0	0	0	0	0	0	0	0	0	0	0	0	0	0	0	0	0	0	0	34	0	0	0
denovo593	0	0	0	1	0	0	0	0	0	0	0	0	2	0	0	1	1	0	0	1	1	0	0	0	0	0	0	0	0	0	1	0	0	0	0	0	0	0	0	3
denovo599	0	3	0	0	0	0	0	0	0	0	0	0	0	1	0	0	0	0	0	0	0	0	5	0	0	0	0	0	3	0	0	0	1	0	0	0	0	0	0	0
denovo198	0	0	0	0	0	0	5	0	0	0	0	0	0	0	0	0	2	0	0	25	0	0	0	46	0	5	0	0	2	0	0	0	0	0	0	0	0	0	0	0
denovo199	0	0	3	0	0	1	0	0	0	0	24	0	0	0	2	0	0	5	0	1	0	0	0	0	0	0	0	0	0	0	0	0	0	48	0	0	0	0	0	0
denovo320	0	0	0	0	0	0	0	0	0	0	0	0	1	0	0	2	0	0	18	4	4	0	0	0	0	0	0	0	0	0	0	0	0	0	0	0	1	0	4	0
denovo190	0	0	0	0	7	10	0	40	0	0	5	0	0	0	0	0	0	1	0	3	0	0	0	0	0	0	0	0	0	0	9	0	0	0	0	0	0	1	0	1
denovo191	0	0	0	0	35	2	0	0	0	0	0	0	0	23	0	0	0	1	0	0	0	0	0	0	0	2	0	0	11	0	0	0	0	0	0	0	28	1	0	0
denovo192	0	0	0	0	0	8	7	1	0	0	0	0	2	0	0	0	0	0	25	0	0	0	0	24	0	4	0	0	1	0	0	0	0	0	0	0	0	22	2	0
denovo193	0	101	0	0	0	0	0	0	0	0	0	0	0	0	0	0	0	0	0	0	0	0	0	0	0	0	0	0	0	0	0	0	0	0	0	0	0	0	0	0
denovo194	32	0	0	0	2	0	0	0	8	0	0	0	0	2	0	0	0	0	0	0	1	10	0	0	0	12	18	0	2	0	0	0	0	0	0	2	7	0	0	3
denovo195	0	0	0	0	0	0	4	0	0	0	0	0	0	2	3	0	0	0	0	0	0	0	0	22	0	14	0	0	0	44	0	2	0	3	4	0	0	0	0	0
denovo196	42	1	0	0	0	2	0	3	26	3	0	2	0	0	0	0	1	1	2	3	4	0	0	0	0	0	1	0	0	0	0	0	3	0	0	0	0	0	0	0
denovo197	0	0	0	0	0	0	0	0	0	0	0	0	0	0	0	0	0	0	0	2	0	0	0	0	0	0	0	0	0	0	0	0	37	0	0	0	1	27	28	0
denovo428	5	1	0	0	0	0	0	0	7	2	0	0	0	0	0	0	0	0	0	0	1	0	0	0	0	0	1	0	1	0	0	0	1	0	0	1	0	1	0	0
denovo429	0	0	0	0	0	0	0	0	0	0	0	0	0	13	4	0	0	0	0	0	0	0	0	0	0	0	0	0	0	0	0	0	4	0	0	0	0	0	0	0
denovo420	0	0	0	0	0	0	1	0	1	0	0	0	0	1	0	2	0	0	0	0	0	1	0	0	3	0	0	0	0	4	0	0	0	2	5	0	0	0	0	0
denovo421	0	0	0	0	0	0	0	0	2	0	0	0	0	2	0	0	0	0	0	0	0	0	1	0	2	0	0	2	0	2	0	1	0	3	2	0	2	0	1	0
denovo423	0	6	1	0	0	0	0	0	0	0	0	0	0	0	0	0	0	0	0	0	1	0	9	2	0	0	1	0	0	0	0	1	0	0	0	0	0	1	0	0
denovo424	0	0	0	0	0	0	0	0	0	22	0	0	0	0	0	0	0	0	0	0	0	0	0	0	0	0	0	0	0	0	0	0	0	0	0	0	0	0	0	0
denovo425	0	0	0	0	0	0	0	0	0	6	0	15	0	0	0	0	0	0	0	0	0	0	0	0	0	0	0	0	0	0	0	0	0	0	0	0	1	0	0	0
denovo426	0	0	0	0	0	0	0	0	2	4	0	0	0	0	0	0	0	0	0	0	0	0	9	0	0	0	0	0	0	0	0	0	4	0	0	0	0	1	2	0
denovo427	0	0	0	0	0	0	0	0	0	22	0	0	0	0	0	0	0	0	0	0	0	0	0	0	0	0	0	0	0	0	0	0	0	0	0	0	0	0	0	0
denovo600	0	0	0	0	0	0	0	0	0	0	0	0	1	0	0	0	0	0	0	0	0	0	0	0	0	0	0	0	0	1	0	0	0	0	0	0	10	0	0	0
denovo601	0	0	0	0	0	0	2	0	0	0	0	0	2	3	0	0	0	0	0	0	0	0	0	0	0	0	0	1	0	0	0	1	0	1	0	0	0	0	0	0
denovo602	0	0	0	0	0	0	0	0	1	0	0	0	0	1	0	0	0	0	0	0	0	1	0	0	1	0	0	0	0	1	0	1	0	0	2	0	1	0	0	0
denovo603	0	3	0	0	0	0	0	0	0	0	0	2	0	0	0	0	0	0	0	0	1	0	4	0	0	0	1	0	0	0	0	0	2	0	0	0	0	0	0	0
denovo604	0	0	0	0	0	0	0	0	0	0	0	0	3	4	0	0	2	0	0	0	0	0	0	0	0	3	1	0	0	0	0	0	0	0	0	0	0	0	0	0
denovo605	0	0	0	0	0	0	0	0	0	0	0	0	0	5	0	0	0	0	0	0	0	0	1	0	0	2	0	0	0	0	0	5	0	0	0	0	0	0	0	0
denovo607	0	0	0	0	0	0	0	0	0	0	0	0	1	0	0	0	0	0	7	0	0	0	0	1	0	0	0	0	0	0	0	0	2	0	0	0	0	0	0	0
denovo609	0	0	0	0	0	0	0	0	2	0	0	0	0	0	0	0	0	0	0	0	0	0	0	0	2	0	0	0	0	0	0	0	0	0	1	0	0	0	0	0
denovo518	0	4	0	0	0	1	0	0	0	0	0	0	0	1	0	0	0	0	0	0	1	0	4	0	0	0	1	1	1	0	0	0	2	0	0	0	0	0	0	0
denovo519	0	0	1	0	0	0	0	0	0	0	0	12	0	0	0	0	0	0	0	0	0	0	0	0	0	0	0	1	1	0	0	0	1	0	0	0	0	0	0	0
denovo514	0	0	0	0	0	0	0	0	0	0	0	0	0	0	0	1	0	0	0	0	0	0	0	0	0	0	0	0	0	0	0	15	0	0	0	0	0	0	0	0
denovo516	0	0	1	0	0	0	2	0	0	0	1	0	0	1	0	0	0	0	0	5	1	0	0	2	0	0	0	0	0	0	0	0	0	0	0	0	0	0	0	0
denovo517	0	0	0	0	0	1	2	0	0	0	0	0	3	1	2	0	0	0	0	0	0	0	0	0	0	0	0	2	0	1	0	1	0	1	1	0	0	0	0	0
denovo510	0	0	0	0	0	0	0	0	2	0	0	0	0	1	1	0	0	0	0	0	0	0	0	0	4	0	0	0	0	2	0	0	0	1	2	0	4	0	0	0
denovo511	0	5	0	0	0	1	0	0	0	0	0	0	0	1	0	0	0	0	0	0	0	0	6	0	0	0	0	1	0	0	0	2	1	0	0	0	0	0	0	0
denovo512	0	0	1	0	0	0	2	0	0	0	0	0	0	4	2	0	0	0	0	0	0	0	0	0	0	0	0	0	0	2	0	1	0	1	2	0	0	0	0	0
denovo513	4	0	0	0	1	0	0	0	2	0	0	0	0	0	0	0	0	0	0	0	0	0	0	0	0	0	0	0	0	0	3	0	2	0	0	3	0	0	0	0
denovo675	0	0	0	0	0	0	0	0	0	6	0	0	0	0	0	0	0	0	0	0	0	0	0	0	0	0	0	0	0	0	0	0	0	0	0	0	0	0	0	5
denovo670	0	0	0	0	0	0	0	0	0	0	0	0	0	5	0	0	0	0	0	0	0	0	0	0	0	0	0	0	0	0	0	1	1	0	0	0	0	0	0	0
denovo571	0	0	0	0	0	0	0	0	0	0	0	0	0	0	0	0	0	0	0	0	0	0	0	0	0	0	0	0	0	0	0	0	0	0	0	0	0	0	14	0
denovo26	0	0	0	0	0	0	190	0	0	235	0	0	0	0	0	0	0	0	0	1	0	0	0	940	0	217	213	0	96	0	0	0	0	0	0	0	0	0	0	0
denovo243	0	0	0	0	0	0	0	0	0	67	0	0	1	0	0	0	0	0	0	0	0	0	0	0	0	0	0	0	0	0	0	0	0	0	0	0	0	0	0	0
denovo687	0	0	0	0	0	0	0	0	1	0	0	0	0	1	0	0	0	0	0	0	0	0	0	0	0	0	0	0	0	2	0	1	0	0	1	0	3	0	0	0
denovo177	0	0	0	0	0	0	0	2	0	0	3	39	0	0	0	0	33	0	0	2	3	0	0	0	0	0	1	0	0	0	0	0	0	0	0	0	0	0	0	0
denovo175	0	1	0	0	0	0	0	0	0	0	0	0	0	0	0	0	0	0	0	0	0	0	1	0	0	0	0	0	0	0	0	0	128	0	0	0	0	0	0	0
denovo721	0	0	0	0	0	0	1	0	0	0	0	0	0	0	0	0	0	0	0	0	0	0	0	0	0	0	0	0	0	0	0	0	9	0	0	0	0	0	0	0
denovo173	0	0	0	0	0	0	0	0	0	0	0	0	0	0	0	0	0	0	0	0	0	0	1	0	0	0	0	0	0	0	0	0	131	0	0	0	0	0	0	0
denovo730	0	0	0	0	0	0	0	0	0	0	0	0	1	0	0	1	0	0	7	0	0	0	0	0	0	0	0	0	0	0	0	0	0	0	0	0	0	0	0	0
denovo678	0	0	0	0	1	0	0	0	0	0	0	0	0	0	0	0	0	0	0	0	0	0	0	2	0	0	1	0	0	0	0	1	4	0	0	0	0	0	0	0
denovo459	0	7	0	0	0	0	0	0	0	0	0	0	0	2	0	0	0	0	0	0	0	0	11	0	0	0	0	0	0	0	0	0	0	0	0	0	0	0	0	0
denovo455	0	13	2	0	2	0	0	0	1	0	0	2	0	0	0	0	0	0	0	0	0	0	0	0	0	0	0	0	0	0	0	0	0	0	0	0	0	0	0	0
denovo454	0	0	0	0	1	0	0	0	0	0	0	0	2	5	0	0	7	0	0	0	0	0	0	0	0	3	1	0	0	0	0	0	0	0	0	0	0	0	0	0
denovo457	0	6	0	1	0	0	0	0	0	0	0	0	0	2	0	0	0	0	0	1	0	0	6	1	0	0	3	0	0	0	0	0	0	0	0	0	0	0	0	0
denovo456	0	0	0	0	0	1	4	0	0	0	0	0	0	8	0	0	0	0	0	0	0	0	0	0	0	0	0	0	0	1	1	0	1	0	3	0	0	0	0	0
denovo451	0	0	0	0	0	0	0	0	0	0	0	0	0	0	1	0	0	0	0	0	0	1	0	0	4	0	0	0	0	1	0	0	0	0	3	0	10	0	0	0
denovo453	0	0	0	0	0	0	0	0	0	0	0	0	0	10	3	0	0	0	0	0	0	0	0	0	0	0	0	0	0	3	0	0	1	0	2	0	0	0	0	0
denovo298	0	0	0	0	0	0	0	25	0	0	1	0	0	0	10	0	0	5	0	0	0	0	0	0	0	0	0	0	0	0	0	0	2	0	0	0	0	0	0	0
denovo293	25	0	2	0	0	0	1	0	1	0	0	0	2	0	0	1	0	0	7	0	0	0	0	4	0	1	1	0	0	0	0	0	0	0	0	0	0	0	0	0
denovo292	0	0	2	0	0	0	1	0	14	7	0	3	2	0	0	0	0	0	1	1	1	0	0	4	0	1	0	0	0	0	0	0	0	0	0	4	0	3	0	0
denovo291	0	0	0	0	0	0	0	2	14	0	16	1	0	0	0	0	0	0	0	1	0	0	0	0	0	0	0	0	1	0	0	0	0	0	0	0	0	0	0	0
denovo290	0	0	0	0	0	0	0	0	0	0	0	0	0	0	0	0	0	0	0	0	0	0	0	0	0	0	0	0	0	0	0	0	0	0	0	0	1	0	0	0
denovo297	0	0	0	0	0	0	0	34	0	0	4	0	0	0	0	0	0	7	0	0	0	0	0	0	0	0	0	0	0	0	0	0	0	0	0	0	0	0	0	0
denovo296	0	1	0	0	0	0	0	0	0	0	0	0	0	0	0	0	0	0	0	0	0	0	0	0	0	0	44	0	0	0	0	0	0	0	0	0	0	0	0	0
denovo295	0	2	1	2	0	0	2	0	0	0	1	0	0	0	0	0	0	0	0	0	0	0	10	11	0	0	1	1	13	0	0	2	0	0	0	0	0	0	0	0
denovo294	0	0	0	0	0	0	0	27	0	0	5	0	0	0	0	0	0	13	0	0	0	0	0	0	0	0	0	0	0	0	0	0	0	0	0	0	0	0	0	0
denovo393	0	0	0	0	0	0	0	18	0	0	4	0	0	0	0	0	0	4	0	0	0	0	0	0	0	0	0	0	0	0	0	0	0	0	0	0	0	0	0	0
denovo674	0	0	0	0	0	0	1	0	0	0	0	0	0	3	0	0	0	0	0	0	0	0	0	0	0	0	0	1	0	0	0	0	2	1	2	0	0	0	0	0
denovo677	0	1	0	1	0	0	0	0	0	0	1	0	0	0	0	0	0	0	0	0	2	0	0	0	0	1	1	0	1	0	0	3	0	0	0	0	0	0	0	0
denovo676	0	0	0	0	0	0	0	0	0	0	0	0	0	0	0	0	0	0	0	0	0	0	11	0	0	0	0	0	0	0	0	0	0	0	0	0	0	0	0	0
denovo671	0	0	0	0	0	0	0	0	0	2	0	9	0	0	0	0	0	0	0	0	0	0	0	0	0	0	0	0	0	0	0	0	0	0	0	0	0	0	0	0
denovo673	0	0	0	0	0	0	0	0	1	1	0	1	0	1	0	0	0	0	0	0	0	0	0	0	0	0	0	0	0	0	0	4	2	0	0	0	0	0	0	0
denovo672	0	0	0	0	0	0	0	0	0	0	0	0	0	0	0	0	0	0	0	0	0	2	0	0	1	0	0	0	0	0	0	1	0	0	1	0	3	0	0	0
denovo737	0	0	0	0	0	0	0	0	9	0	0	0	0	0	0	0	0	0	0	0	0	0	0	0	0	0	0	0	0	0	0	0	0	0	0	0	0	0	0	0
denovo708	0	0	2	0	1	0	0	0	0	0	2	0	0	1	0	0	0	0	0	0	0	0	0	0	0	0	0	0	0	0	0	1	3	0	0	0	0	0	0	0
denovo701	0	0	0	0	0	0	0	0	0	0	0	0	0	9	0	0	0	0	0	0	0	0	0	0	0	0	0	0	0	0	0	2	0	0	0	0	0	0	0	0
denovo700	0	4	0	0	0	0	0	0	0	0	0	2	0	1	0	0	0	0	0	0	0	0	2	0	0	0	0	0	2	0	0	0	0	0	0	0	0	0	0	0
denovo703	0	0	0	0	1	0	0	0	0	0	0	0	0	2	0	0	0	0	0	0	0	0	2	0	0	1	0	0	0	0	0	4	0	0	0	1	0	0	0	0
denovo702	0	0	2	5	0	0	0	0	0	0	0	1	0	0	1	0	0	0	0	0	0	0	0	0	0	0	0	0	0	0	0	0	1	0	0	0	0	0	0	0
denovo705	0	0	0	0	0	0	0	0	0	9	0	0	0	0	0	0	0	0	0	0	0	0	0	1	0	0	0	0	0	0	0	0	0	0	0	0	0	0	0	0
denovo704	0	0	0	0	0	0	0	0	0	0	0	0	0	0	0	0	1	0	0	10	0	0	0	0	0	0	0	0	0	0	0	0	0	0	0	0	0	0	0	0
denovo707	0	9	0	0	0	0	0	0	0	0	0	1	0	0	0	0	0	0	0	0	0	0	0	0	0	0	0	0	0	0	0	0	0	0	0	0	0	0	0	0
denovo706	0	3	0	0	0	0	0	0	0	2	0	0	0	0	0	0	1	0	0	0	0	0	0	0	0	0	0	0	0	0	0	0	2	0	0	0	0	1	0	1
denovo469	12	0	0	0	0	1	0	0	0	0	0	0	0	0	0	0	0	0	0	0	0	0	0	0	0	0	0	0	0	0	0	0	1	0	0	0	0	0	0	0
denovo248	0	0	0	0	0	0	0	0	0	52	0	2	0	0	0	0	0	0	3	1	3	0	0	1	0	0	0	0	0	0	0	0	0	0	0	0	0	0	0	0
denovo606	0	0	0	0	0	0	0	0	0	0	0	0	1	6	0	0	0	0	0	0	0	0	0	0	0	0	0	0	0	0	0	2	3	0	0	0	0	0	0	0
denovo608	0	0	0	0	0	0	0	0	0	0	0	0	0	3	0	0	4	0	0	0	0	0	0	0	0	5	1	0	0	0	0	0	0	0	0	0	0	0	0	0
denovo448	0	4	0	0	0	0	0	0	0	1	1	0	0	1	0	0	1	0	0	0	3	0	3	0	0	0	1	0	2	0	0	0	3	0	0	0	0	0	0	0
denovo446	0	0	0	0	0	0	0	0	0	0	0	0	0	0	0	0	0	0	0	0	0	0	0	0	0	0	0	0	0	0	0	0	0	0	0	0	0	6	14	0
denovo447	0	0	0	0	0	0	0	5	0	0	0	0	0	0	0	0	0	0	0	0	0	0	0	0	0	0	0	0	0	0	0	0	0	0	0	0	0	6	9	0
denovo444	0	5	0	1	0	0	0	0	0	0	0	0	0	2	0	0	0	0	0	0	0	0	4	0	0	0	3	0	2	0	0	1	0	0	0	0	0	1	0	0
denovo445	0	3	0	0	0	0	0	0	0	0	0	0	0	1	0	0	0	0	0	0	0	0	12	1	0	0	0	0	0	0	0	0	2	0	0	0	0	0	0	1
denovo440	0	0	2	0	0	2	0	10	0	0	1	0	0	0	0	0	0	2	0	0	0	0	0	0	0	0	0	0	0	0	0	0	0	0	0	0	0	2	1	0
denovo441	0	0	0	0	0	0	0	0	0	0	0	0	0	0	1	2	0	0	0	0	0	0	0	0	0	0	0	1	0	0	0	0	0	0	0	0	0	0	0	2
denovo471	0	1	0	0	0	0	0	1	0	16	0	0	0	0	0	0	1	0	0	0	0	0	0	0	0	0	0	0	0	0	0	0	0	0	0	0	0	0	0	0
denovo288	0	0	0	5	0	0	0	0	0	0	0	0	0	0	1	0	0	0	0	0	0	0	0	0	0	0	0	0	0	0	0	0	0	0	0	0	0	0	0	0
denovo289	0	0	0	1	0	0	15	0	1	0	0	0	11	0	7	0	0	0	0	0	0	0	0	0	0	0	0	0	0	2	0	2	0	1	5	0	0	0	0	0
denovo284	0	0	0	0	0	1	0	0	0	0	0	44	0	0	0	0	0	0	0	0	0	0	0	0	0	0	0	0	0	0	0	0	0	0	0	0	5	0	0	0
denovo285	0	0	0	0	0	0	0	0	50	0	0	0	0	0	0	0	0	0	0	0	0	0	0	0	0	0	0	0	0	0	0	0	0	0	0	0	0	0	0	0
denovo286	0	15	0	0	0	2	0	0	0	0	0	1	0	1	0	0	1	0	0	0	0	0	11	0	0	0	1	1	5	0	3	0	5	0	0	0	0	0	0	3
denovo287	0	0	8	3	0	0	0	0	0	17	0	7	0	0	0	0	0	0	0	0	0	0	0	0	0	0	0	0	0	0	0	0	0	0	0	1	0	4	2	0
denovo280	0	0	0	1	0	0	0	0	0	0	0	0	0	0	0	0	0	0	0	0	0	1	0	0	0	0	0	0	0	0	0	0	0	0	0	0	0	0	0	0
denovo281	0	0	0	0	0	0	0	0	0	0	0	0	0	28	0	0	0	0	0	0	0	0	15	0	0	0	0	0	0	0	0	0	0	0	0	0	0	0	0	7
denovo282	0	0	0	0	0	0	0	0	0	5	0	42	0	0	0	0	0	0	0	0	0	0	0	0	0	0	0	0	0	0	0	0	3	0	0	0	0	0	0	0
denovo283	0	0	0	0	0	0	0	1	0	2	0	0	2	0	0	1	1	0	16	13	0	0	0	0	1	0	1	0	2	0	0	0	0	0	0	0	0	0	0	0
denovo666	0	0	0	1	0	0	0	0	0	0	0	0	0	0	0	0	0	0	0	0	0	0	0	0	0	0	0	0	5	0	0	0	0	0	0	0	0	5	0	0
denovo664	0	0	0	0	0	0	1	0	0	0	0	0	1	1	0	0	0	0	0	0	0	0	0	0	0	0	0	2	0	1	0	1	0	0	2	0	0	0	1	0
denovo662	0	0	0	0	0	1	0	0	1	0	0	0	0	1	0	0	0	0	0	0	0	0	0	0	1	0	0	0	0	2	0	0	0	0	2	0	1	0	1	0
denovo660	0	0	0	0	0	0	0	0	0	0	0	0	0	0	0	0	0	0	0	0	0	0	0	0	0	1	0	0	11	0	0	0	0	0	0	0	0	0	0	0
denovo668	0	0	0	0	0	0	0	0	0	2	0	6	0	1	0	0	0	0	0	0	0	0	0	0	0	0	0	0	1	0	0	0	0	0	0	0	1	0	0	0
denovo669	0	0	0	0	0	0	0	0	0	0	0	0	0	0	0	0	0	0	0	0	2	0	0	0	1	0	0	0	0	0	0	0	0	0	0	0	0	0	0	0
denovo182	1	0	7	16	0	1	1	2	0	0	0	3	3	0	0	0	0	0	6	0	0	2	0	13	0	2	0	0	18	0	1	0	10	0	0	0	0	15	0	0
denovo27	0	23	1	0	2	5	1	0	41	1564	0	2	1	15	5	1	2	46	11	1	7	0	0	0	3	0	0	21	20	0	2	0	0	0	0	5	0	2	0	7
denovo718	0	0	1	2	0	0	1	0	0	0	0	0	0	0	0	0	1	0	0	0	0	0	0	0	0	0	0	1	0	0	4	0	0	0	0	0	0	0	0	0
denovo719	0	0	0	0	0	0	0	0	0	0	0	0	7	0	0	0	0	0	0	0	0	0	0	0	0	2	0	0	0	0	0	0	0	0	0	0	0	0	0	0
denovo712	0	0	0	0	0	0	0	0	0	5	2	0	0	0	0	1	0	0	0	0	0	0	0	0	0	0	0	0	0	0	1	0	1	0	0	0	0	0	0	0
denovo713	0	0	0	0	0	0	0	0	0	0	0	0	0	2	0	0	0	0	0	0	0	0	4	1	0	0	1	0	0	0	0	0	2	0	0	0	0	0	0	0
denovo710	0	0	0	4	0	0	0	0	0	0	0	0	0	0	0	0	0	0	0	0	0	0	0	0	0	0	0	0	0	0	0	0	3	0	0	1	0	2	0	0
denovo711	0	0	0	0	0	10	0	0	0	0	0	0	0	0	0	0	0	0	0	0	0	0	0	0	0	0	0	0	0	0	0	0	0	0	0	0	0	0	0	0
denovo716	0	0	0	0	0	0	0	0	0	0	0	0	0	0	2	0	0	0	0	0	0	0	0	0	1	0	0	0	0	2	0	0	0	1	0	0	1	0	0	1
denovo717	0	0	0	0	0	0	0	0	0	0	0	0	1	0	0	0	1	0	0	0	0	0	0	0	0	5	0	0	0	0	0	1	0	0	0	2	0	0	0	0
denovo714	0	0	0	0	0	0	0	0	0	0	2	0	0	0	0	0	0	0	0	0	0	0	0	0	0	0	0	0	0	0	0	0	0	0	0	0	8	0	0	0
denovo715	0	0	0	0	0	0	0	0	0	0	0	0	1	0	0	6	0	0	0	0	0	0	0	0	0	0	0	0	0	0	0	0	0	0	0	0	0	0	0	0
denovo28	0	0	0	0	0	0	0	0	0	0	0	0	0	0	0	0	0	0	0	0	0	1804	0	0	1	0	0	0	0	0	0	0	0	2	0	0	0	0	0	0
denovo616	0	0	0	0	0	0	0	0	2	0	0	0	0	0	0	0	0	0	0	0	0	0	8	0	0	0	0	0	0	0	0	0	0	0	0	0	0	0	3	0
denovo615	0	0	0	0	0	0	2	0	0	0	0	0	0	5	2	0	0	0	0	0	0	0	0	0	0	0	0	0	0	2	0	1	1	0	0	0	0	0	0	0
denovo614	0	0	0	0	0	0	0	0	0	1	0	10	0	0	0	0	0	0	1	0	0	0	0	0	0	0	0	0	0	0	0	0	0	0	0	0	1	0	0	0
denovo723	0	3	0	0	0	0	0	0	0	0	0	1	0	1	0	0	0	0	0	0	0	0	2	1	0	0	0	0	0	0	0	0	1	0	0	0	0	0	0	1
denovo242	0	0	0	0	4	0	0	2	0	1	0	33	0	0	0	0	0	1	0	0	0	0	0	0	0	0	0	0	0	0	16	0	0	0	0	0	0	0	0	0
denovo618	0	0	0	0	0	0	0	0	0	0	0	0	0	0	0	0	0	0	0	0	0	0	0	0	0	0	0	0	0	0	0	0	0	13	0	0	0	0	0	0
denovo422	0	0	0	0	0	0	0	0	0	0	0	0	0	0	0	0	0	0	0	0	0	0	0	0	0	0	0	0	0	0	0	0	13	0	0	0	0	5	4	0
denovo508	0	3	1	0	0	0	1	0	0	0	0	1	0	0	0	0	0	0	0	0	1	0	4	0	0	0	0	0	3	0	0	1	2	0	0	0	0	0	0	0
denovo115	3	0	18	0	7	61	2	0	0	2	0	73	0	1	4	0	0	0	0	6	1	0	0	7	0	4	0	37	0	0	0	0	4	0	0	0	1	15	6	0
denovo385	3	0	0	0	0	0	1	0	1	0	1	0	0	0	0	0	0	0	0	0	0	0	0	4	0	1	1	0	1	0	0	4	2	1	0	0	0	0	0	0
denovo384	1	4	10	0	1	2	0	1	0	1	0	0	0	0	0	0	0	0	0	1	1	0	0	0	0	0	2	0	0	0	0	0	2	0	0	0	0	0	0	0
denovo387	4	8	1	0	0	1	0	0	0	0	0	1	0	0	0	0	0	0	0	0	0	0	0	4	0	0	0	0	0	0	0	0	2	0	0	0	0	4	1	1
denovo386	0	0	0	0	0	0	2	0	0	0	0	0	0	11	7	0	0	0	1	0	0	0	0	0	0	0	0	0	0	1	0	0	2	0	2	0	0	0	0	0
denovo381	0	0	0	0	0	0	0	0	0	0	0	0	0	0	0	0	0	0	0	0	0	0	0	0	0	0	0	0	0	0	5	0	0	0	0	0	23	0	0	0
denovo380	0	6	0	0	0	0	0	0	0	13	0	0	0	1	0	0	0	1	0	0	0	0	1	0	0	0	0	0	0	0	0	0	0	0	0	0	0	0	0	6
denovo383	1	12	0	0	0	0	0	0	0	0	0	0	0	0	0	0	0	0	0	0	0	0	7	0	0	0	1	0	0	0	0	0	4	0	0	0	0	1	0	2
denovo382	0	0	1	0	0	0	0	3	0	0	1	0	1	0	0	8	0	0	0	0	0	0	0	0	0	0	0	0	0	0	3	0	0	0	0	0	0	3	0	3
denovo117	0	0	0	0	0	0	0	2	0	0	39	0	0	0	0	0	0	7	0	0	0	0	0	0	0	0	0	0	0	0	0	0	0	0	0	0	198	0	0	0
denovo389	0	0	0	0	0	0	6	0	0	0	0	0	1	11	0	0	0	0	0	0	0	0	0	0	0	0	0	0	1	0	0	2	3	1	1	0	0	0	0	0
denovo388	0	3	0	0	0	1	0	0	0	0	0	1	0	0	0	0	0	0	0	0	0	0	12	1	0	0	2	0	2	0	0	1	2	0	0	0	0	0	0	0
denovo119	1	0	6	2	0	9	0	0	0	0	7	5	4	0	6	0	15	1	8	16	47	0	0	0	0	0	60	15	0	0	16	0	11	0	0	0	0	1	11	0
denovo501	0	0	0	0	0	0	1	0	0	0	0	0	1	7	2	0	0	0	0	0	0	0	0	0	0	0	0	0	0	1	0	1	0	0	3	0	0	0	0	0
denovo473	0	0	0	0	0	0	0	0	0	0	0	0	0	0	0	0	0	0	0	0	0	0	0	0	0	0	0	0	0	0	0	0	0	0	0	0	19	0	0	0
denovo472	0	5	0	0	0	0	0	0	0	0	0	0	0	4	0	0	1	0	0	0	0	0	6	1	0	0	0	0	2	0	0	0	0	0	0	0	0	0	0	0
denovo477	0	0	0	2	0	0	0	0	0	0	0	0	0	0	0	6	0	0	0	2	0	0	0	0	0	0	0	0	0	0	0	0	0	0	0	1	0	0	0	6
denovo476	0	0	1	0	0	8	0	0	0	0	0	0	0	0	2	0	0	0	0	0	0	0	0	0	0	0	0	7	0	0	0	0	0	0	0	0	0	0	0	0
denovo475	0	0	0	0	0	0	0	0	0	0	0	0	0	0	0	0	0	0	0	0	0	0	0	0	0	0	0	0	0	0	0	0	0	0	0	0	0	16	3	0
denovo474	0	2	0	1	0	1	0	1	0	0	0	0	0	4	0	0	0	0	0	1	1	0	6	0	0	0	0	0	0	0	0	1	1	0	0	0	0	0	0	0
denovo478	0	4	0	1	0	1	0	0	0	0	1	0	0	0	0	0	0	0	0	1	0	0	8	0	0	0	1	0	0	0	0	0	0	0	0	0	0	0	0	1
denovo271	0	0	0	0	0	0	0	0	48	0	0	0	0	0	0	0	0	0	0	0	0	0	0	0	0	0	0	0	0	0	0	0	0	0	0	0	0	5	1	0
denovo270	16	22	2	0	1	0	0	0	0	1	0	0	2	0	0	0	0	0	1	0	0	0	0	1	0	0	0	0	0	0	0	0	5	0	0	0	0	3	0	0
denovo273	0	0	3	0	0	47	0	0	0	0	0	0	0	0	0	0	0	0	0	1	0	0	0	0	0	0	0	0	0	0	0	0	0	0	0	1	0	1	0	0
denovo272	0	0	0	0	0	0	0	0	0	0	0	0	14	1	0	0	0	0	0	0	0	0	0	0	0	0	0	0	0	0	0	0	0	0	0	0	0	0	0	0
denovo275	0	33	0	0	2	2	0	0	0	2	0	0	0	0	0	0	0	0	0	0	0	0	0	0	0	0	0	0	0	0	1	0	10	0	0	0	0	1	1	0
denovo274	0	3	2	0	0	0	0	0	0	0	0	30	0	0	0	0	0	0	0	0	0	0	0	0	0	0	0	0	0	0	0	0	1	0	0	0	17	0	0	0
denovo277	0	0	0	0	0	0	0	0	0	30	0	0	0	0	0	0	0	6	0	0	0	0	0	0	0	0	0	0	0	15	0	0	0	0	0	0	0	0	0	0
denovo276	0	0	2	0	6	0	0	1	0	0	0	0	0	0	0	1	0	1	2	1	5	0	0	3	0	0	0	6	3	0	0	4	3	0	0	0	8	0	0	3
denovo279	0	0	0	0	0	0	0	0	34	0	0	1	0	0	0	0	0	0	0	0	0	0	11	0	0	0	0	0	4	0	0	0	0	0	0	0	0	0	0	0
denovo278	1	8	2	0	0	0	0	0	0	0	1	3	0	2	0	0	0	0	0	0	2	0	18	1	0	0	4	0	5	0	0	0	2	0	0	0	0	0	0	2
denovo504	0	0	1	0	0	4	0	0	0	0	0	0	0	0	3	0	0	1	0	0	0	0	0	0	0	0	0	8	0	0	0	0	0	0	0	0	0	0	0	0
denovo499	0	0	0	0	0	0	0	13	0	0	1	0	0	0	0	0	0	2	0	0	0	0	0	0	0	0	0	0	0	0	0	0	0	0	0	0	0	0	0	0
denovo498	0	0	1	0	6	0	0	0	0	0	0	1	0	0	0	0	0	0	0	0	0	0	0	0	0	0	0	0	8	0	0	1	0	0	0	0	0	0	0	0
denovo493	0	0	0	17	0	0	0	0	0	0	0	0	0	0	0	0	0	0	0	0	0	0	0	0	0	0	0	0	0	0	0	0	0	0	0	0	0	0	0	0
denovo492	0	0	0	0	0	0	0	0	0	4	0	10	0	0	0	0	0	0	0	0	0	0	0	0	0	0	0	0	1	0	1	0	0	0	0	0	1	0	0	0
denovo495	0	0	0	0	0	0	0	0	0	0	0	17	0	0	0	0	0	0	0	0	0	0	0	0	0	0	0	0	0	0	0	0	0	0	0	0	0	0	0	0
denovo494	0	1	0	0	0	0	0	0	0	0	0	14	0	0	0	0	0	0	0	0	2	0	0	0	0	0	0	0	0	0	0	0	0	0	0	0	0	0	0	0
denovo497	0	3	0	0	0	0	0	0	0	0	0	0	0	0	0	0	0	0	0	0	0	0	0	0	0	0	0	0	0	0	0	0	14	0	0	0	0	0	0	0
denovo496	0	0	0	17	0	0	0	0	0	0	0	0	0	0	0	0	0	0	0	0	0	0	0	0	0	0	0	0	0	0	0	0	0	0	0	0	0	0	0	0
denovo612	0	0	0	0	0	0	2	0	1	0	0	0	0	2	4	0	0	0	0	0	0	0	0	0	0	0	0	0	0	1	0	2	0	0	0	0	0	0	0	0
denovo729	0	0	0	0	0	0	0	0	0	0	0	10	0	0	0	0	0	0	0	0	0	0	0	0	0	0	0	0	0	0	0	0	0	0	0	0	0	0	0	0
denovo728	0	0	0	1	0	0	0	0	0	0	0	0	0	0	0	0	0	0	0	0	0	0	0	0	0	0	0	0	0	0	0	0	0	0	0	0	9	0	0	0
denovo726	0	0	0	0	0	0	0	0	0	0	0	2	0	0	0	0	2	0	0	1	5	0	0	0	0	0	0	0	0	0	0	0	0	0	0	0	0	0	0	0
denovo724	0	0	0	0	0	0	0	0	0	0	0	0	0	0	0	0	0	0	0	6	0	0	0	0	0	0	0	0	0	0	4	0	0	0	0	0	0	0	0	0
denovo610	0	0	0	0	0	0	0	0	0	2	0	11	0	0	0	0	0	0	0	0	0	0	0	0	0	0	0	0	0	0	0	0	0	0	0	0	0	0	0	0
denovo128	0	0	3	0	6	8	0	0	0	105	0	12	0	0	2	0	3	0	2	1	22	1	0	0	0	0	0	31	0	0	1	5	5	0	0	0	0	0	0	0
denovo659	0	0	0	0	0	0	0	0	0	0	0	0	1	0	0	0	0	0	0	0	0	0	0	0	0	0	0	1	0	1	0	1	0	1	0	0	2	0	0	0
denovo658	0	0	0	0	0	0	0	0	0	0	0	0	0	0	0	0	0	0	0	0	2	0	6	0	0	0	1	0	1	0	0	0	1	0	0	0	0	1	0	0
denovo121	0	0	0	12	0	2	0	0	0	0	1	0	0	0	1	0	1	0	0	19	1	0	0	0	0	0	0	1	0	0	4	0	0	0	0	0	0	0	0	1
denovo652	0	0	0	0	0	0	0	0	0	0	0	3	0	0	0	0	0	0	0	0	0	0	0	0	0	0	0	0	0	0	0	0	0	3	0	0	6	0	0	0
denovo123	0	71	0	0	0	3	2	5	0	5	0	2	0	0	0	0	0	0	0	2	0	0	0	5	0	0	1	0	0	0	0	0	134	0	0	1	0	3	1	0
denovo650	0	2	0	0	0	0	0	0	0	0	0	0	0	1	0	0	0	0	0	0	0	0	7	1	0	0	0	0	0	0	0	0	0	0	0	0	0	0	0	1
denovo125	0	0	0	0	0	0	32	0	0	0	0	0	0	0	0	0	0	0	0	0	0	0	0	157	0	32	1	0	6	0	0	0	0	0	0	0	0	0	0	0
denovo124	0	0	0	0	0	0	0	0	0	0	0	0	0	0	0	0	219	0	0	0	2	0	0	0	0	0	0	0	0	0	0	0	0	0	0	0	0	0	0	0
denovo126	47	1	2	0	0	4	1	0	1	63	0	1	0	1	0	1	4	1	5	4	21	1	0	2	0	1	4	1	7	0	0	6	11	0	0	0	24	1	0	1
denovo464	0	0	0	0	0	0	1	0	0	0	0	0	4	8	1	0	0	0	0	0	0	0	0	0	0	0	0	0	0	2	0	0	2	0	1	0	0	0	0	0
denovo643	0	0	0	0	0	0	0	0	0	0	0	0	0	0	0	0	0	0	0	0	0	0	0	0	0	0	0	0	0	0	0	0	12	0	0	0	0	0	0	0
denovo309	0	0	0	0	0	0	0	0	2	0	0	0	0	6	0	0	0	0	0	0	0	1	0	0	4	0	1	2	0	5	0	2	0	2	4	0	2	0	1	0
denovo328	0	0	0	0	0	0	0	24	0	0	5	0	0	0	0	0	0	5	0	0	0	0	0	0	0	0	0	0	0	0	0	0	0	0	0	0	0	0	0	0
denovo222	0	0	0	0	7	0	0	0	0	0	0	0	0	5	0	0	0	0	0	0	0	0	0	0	0	0	0	0	0	0	8	0	0	0	0	56	0	0	0	0
denovo468	0	3	0	0	0	0	0	0	0	0	0	0	0	2	0	0	3	0	0	0	0	0	4	0	0	0	1	0	0	0	0	0	1	0	0	0	0	0	1	0
denovo303	0	8	0	0	0	0	0	0	0	2	0	0	0	0	0	0	0	0	0	0	0	0	31	0	0	0	0	0	0	0	0	0	1	0	0	0	0	0	0	0
denovo396	1	6	0	1	0	0	0	0	0	0	1	0	0	0	0	1	1	1	5	0	4	0	0	0	0	1	3	0	1	0	0	0	0	0	0	0	0	0	0	0
denovo397	0	0	0	0	0	0	0	0	0	0	0	0	0	0	0	0	0	0	0	0	0	0	0	0	0	0	0	0	0	0	0	1	0	0	1	0	0	0	0	0
denovo394	0	0	0	0	0	0	3	0	0	0	0	0	0	11	3	0	0	0	0	0	0	0	0	0	0	0	0	0	0	1	0	1	5	0	0	0	0	0	0	0
denovo395	0	13	12	0	0	1	0	0	0	0	0	0	0	0	0	0	0	0	0	0	0	0	0	0	0	0	0	0	0	0	0	0	0	0	0	0	0	0	0	0
denovo392	0	0	0	0	0	0	0	0	0	1	0	1	0	0	0	0	0	0	0	0	0	0	0	0	0	0	0	0	0	0	0	0	0	0	0	0	0	24	0	0
denovo390	0	0	0	0	0	0	0	0	0	0	0	0	0	0	0	0	0	26	0	0	0	0	0	0	0	0	0	0	0	0	0	0	0	0	0	0	0	0	0	0
denovo391	0	0	0	0	0	0	0	0	0	0	0	0	0	0	0	18	0	0	0	0	0	0	0	0	0	0	0	0	0	0	0	0	0	0	0	0	0	0	0	0
denovo488	0	0	0	0	0	0	1	0	0	0	0	0	0	5	3	0	0	0	0	1	0	0	0	0	0	0	0	0	0	2	1	1	1	0	2	0	0	0	0	0
denovo398	0	0	0	0	0	0	0	0	0	0	0	0	0	0	0	0	0	0	0	0	0	0	0	0	0	0	0	0	0	0	0	0	0	0	0	0	0	8	18	0
denovo399	0	0	0	0	0	0	0	0	0	0	0	0	0	0	0	0	1	0	0	16	3	0	1	0	0	0	0	0	0	0	0	0	2	0	0	0	0	1	0	0
denovo465	0	0	0	0	0	0	0	0	0	0	4	0	0	0	0	0	0	1	0	0	0	1	0	0	0	0	0	0	0	0	0	0	0	0	0	0	13	0	0	0
denovo466	0	0	0	0	0	0	0	0	0	0	0	19	0	0	0	0	0	0	0	0	0	0	0	0	0	0	0	0	0	0	0	0	0	0	0	0	0	0	0	0
denovo467	0	0	0	0	4	0	0	0	0	0	0	0	0	0	0	0	0	0	0	0	0	0	0	0	0	0	0	0	14	0	0	0	1	0	0	0	0	0	0	0
denovo460	0	0	0	0	0	1	1	0	0	0	0	0	2	6	1	0	0	0	0	0	0	0	0	0	0	0	0	0	1	2	1	0	1	0	1	0	0	0	0	0
denovo461	0	0	0	0	0	0	2	0	1	0	0	0	2	8	2	0	0	0	0	0	0	0	0	0	0	0	0	0	0	0	0	0	1	0	0	0	0	0	0	0
denovo462	0	0	0	0	0	0	0	0	0	16	0	1	0	0	0	0	0	0	1	0	0	0	0	0	0	0	0	0	0	0	0	0	1	0	0	0	0	0	0	0
denovo463	0	7	0	0	0	0	1	0	0	0	0	0	0	2	0	0	0	0	0	0	0	0	3	0	0	0	0	0	2	0	0	0	2	0	0	0	0	1	0	1
denovo262	0	0	3	0	0	3	0	12	0	0	3	0	0	8	0	0	0	2	0	0	0	0	1	0	0	0	0	0	0	0	0	0	20	0	0	0	0	0	0	3
denovo263	0	0	0	1	0	0	0	0	0	0	0	0	0	0	0	0	11	0	0	6	36	0	0	0	0	0	3	0	0	0	0	0	0	0	0	0	0	0	0	0
denovo260	0	0	0	0	0	0	0	0	0	0	0	0	5	0	0	3	0	0	21	2	13	0	0	0	0	1	2	0	0	0	0	0	4	0	0	0	0	0	0	0
denovo261	0	27	1	30	0	0	0	0	0	0	0	0	0	0	0	0	0	0	0	0	0	0	0	0	0	0	0	0	0	0	0	0	0	0	0	0	0	0	0	0
denovo266	0	0	41	0	6	0	0	0	0	0	0	0	2	0	0	0	0	0	1	0	0	0	0	0	0	0	0	1	0	0	0	0	0	0	0	0	0	0	0	2
denovo267	0	0	4	0	0	0	0	0	0	0	0	6	0	0	0	0	2	0	0	11	2	2	0	0	0	0	0	0	0	0	0	0	16	0	0	0	1	10	0	0
denovo265	0	0	0	0	0	0	0	0	0	0	0	0	0	0	0	0	0	0	0	0	0	0	0	0	0	0	0	0	0	0	0	0	0	0	0	0	55	0	0	0
denovo709	0	0	0	0	0	0	0	0	0	0	0	0	2	7	0	0	0	0	0	0	0	0	0	0	0	0	0	0	0	0	0	0	1	0	0	0	0	0	0	0
denovo268	2	0	0	0	1	1	0	0	6	0	0	0	2	1	0	0	0	0	4	0	2	0	31	0	0	0	0	0	1	0	0	0	2	0	0	0	0	0	0	1
denovo269	0	0	0	0	0	0	0	1	0	3	0	43	0	0	0	0	0	0	0	0	0	0	0	0	0	0	0	0	0	0	0	0	0	0	0	0	0	0	0	7
denovo489	0	0	0	0	0	0	0	0	1	0	0	0	1	9	4	0	0	0	0	0	0	0	0	0	0	0	0	0	0	0	0	0	1	1	0	0	0	0	0	0
denovo482	0	0	0	0	0	0	0	0	0	0	0	0	0	0	0	0	0	0	0	0	0	0	0	0	0	0	0	0	0	0	1	0	0	0	0	0	0	0	1	0
denovo483	0	0	0	0	0	0	0	0	0	0	0	0	0	0	0	0	0	0	0	16	1	0	0	0	0	0	0	0	0	0	0	0	0	0	0	0	0	0	1	0
denovo480	0	1	1	0	0	0	0	0	0	0	0	1	0	0	0	0	0	0	0	0	2	0	2	0	0	0	0	1	2	0	0	1	2	0	0	0	0	5	0	0
denovo481	0	6	0	0	0	0	0	0	0	0	0	0	0	3	0	0	0	0	0	0	0	0	5	0	0	0	0	0	0	0	0	1	3	0	0	0	0	0	0	0
denovo484	0	0	0	0	0	0	0	0	0	0	0	0	0	17	0	0	0	0	0	0	0	0	0	0	0	0	0	1	0	0	0	0	0	0	0	0	0	0	0	0
denovo485	0	0	0	0	0	0	1	0	0	0	0	0	4	0	0	0	0	0	0	0	0	0	0	0	3	0	0	1	0	5	0	0	0	1	0	0	1	0	0	0
denovo479	0	9	1	0	0	0	0	0	0	0	0	0	0	0	0	0	0	0	0	0	0	0	1	1	0	0	0	0	0	0	0	0	6	0	0	0	0	0	0	0
denovo731	0	0	0	0	0	0	0	0	0	0	0	0	0	0	0	0	0	0	0	0	0	0	0	0	0	0	0	0	0	0	0	0	0	0	0	0	0	0	0	10
denovo732	0	0	0	0	0	0	0	3	0	0	0	0	0	0	0	0	0	0	0	0	0	0	0	0	0	1	0	0	0	0	0	0	0	0	0	0	0	0	0	2
denovo733	0	0	0	0	0	0	0	0	0	7	0	0	0	0	0	0	0	0	0	0	0	0	0	0	0	0	0	0	0	0	0	0	2	0	0	0	0	0	0	1
denovo734	0	0	0	0	0	0	1	0	0	0	0	0	0	0	0	0	0	0	0	0	0	0	0	5	0	2	1	0	1	0	0	0	0	0	0	0	0	0	0	0
denovo735	0	2	0	0	0	0	0	0	0	0	1	1	0	0	0	0	0	0	0	0	0	0	1	0	0	0	3	0	0	0	0	0	0	0	0	0	0	0	0	0
denovo736	0	0	0	0	0	0	0	0	0	0	0	1	0	2	0	0	0	0	0	0	0	0	6	0	0	0	0	0	1	0	0	0	0	0	0	0	0	0	0	0
denovo738	0	0	0	0	0	0	0	0	0	0	0	0	0	4	1	0	0	0	0	0	0	0	0	0	0	0	0	0	0	0	1	0	1	1	1	0	0	0	0	0
denovo138	0	2	1	2	0	1	0	0	0	0	0	0	0	0	0	0	0	12	0	0	0	0	0	0	0	0	0	0	0	0	0	0	1	0	0	0	170	1	0	0
denovo139	0	0	0	0	0	0	0	0	0	0	0	0	0	0	0	0	0	0	0	0	0	0	0	0	0	0	0	0	0	1	0	0	0	186	0	0	0	0	0	0
denovo648	0	0	0	0	0	0	0	0	1	0	0	0	1	1	0	0	0	0	0	0	0	0	0	0	0	0	0	0	0	2	0	0	0	0	0	0	3	0	1	0
denovo649	0	0	0	0	0	0	0	0	0	0	0	0	1	0	0	0	0	0	0	0	0	0	0	0	0	0	0	0	0	6	0	0	0	1	0	0	0	0	0	0
denovo132	7	6	0	0	0	1	2	0	3	5	0	5	0	0	0	0	0	0	0	0	0	0	137	0	0	0	0	0	2	0	3	11	11	0	0	0	5	0	2	0
denovo133	0	0	0	0	0	0	0	11	0	0	2	179	0	0	0	0	0	0	0	0	0	0	0	0	0	0	0	0	0	0	0	0	0	0	0	0	0	0	0	0
denovo646	0	0	0	0	0	0	0	0	0	2	0	0	0	3	0	0	0	0	0	0	0	0	0	0	0	0	1	0	0	0	0	1	5	0	0	0	0	0	0	0
denovo131	0	0	0	0	0	0	0	0	0	0	0	0	0	0	0	0	0	0	0	0	0	7	0	0	8	0	0	0	0	0	0	0	0	0	0	0	0	0	0	0
denovo640	0	0	0	0	0	0	1	0	1	0	0	0	1	1	0	0	0	0	0	0	0	1	0	0	2	0	0	0	0	4	0	0	0	0	0	0	1	0	0	0
denovo137	0	0	0	0	0	0	0	0	0	0	0	29	21	0	0	9	0	0	102	0	0	0	0	0	0	0	0	0	0	0	0	2	0	0	0	0	0	0	0	0
denovo134	3	0	0	0	0	1	22	2	0	0	1	0	1	0	0	1	1	2	18	14	0	0	0	95	0	14	0	0	8	0	0	0	1	0	0	0	0	1	0	0
denovo135	0	0	0	0	1	1	0	2	0	0	36	1	7	0	0	1	0	3	18	13	2	0	0	0	0	0	0	0	0	0	0	0	7	0	0	0	92	2	0	0
denovo43	0	0	9	0	0	0	5	5	0	0	3	0	358	11	0	2	14	0	16	1	0	0	0	5	0	183	22	0	2	4	32	7	13	0	1	4	0	0	0	301
denovo42	0	0	1	6	11	6	0	4	0	0	17	0	1	1	2	23	0	0	1	0	0	0	0	0	0	0	25	15	0	0	27	0	2	1	1	37	0	0	0	907
denovo45	229	0	0	0	0	0	0	0	9	0	0	0	0	0	0	0	110	0	0	95	475	0	0	0	0	0	37	0	0	0	8	0	0	0	0	0	0	0	0	0
denovo1	69	6504	175	95	37	169	96	11	2	29	105	632	2	1562	61	5	98	4	0	182	517	8	8263	416	0	118	707	246	1184	0	178	273	1930	1	0	56	9	105	18	313
denovo2	1	3	38	26	11	147	1249	0	131	0	0	9	680	7271	1467	13	10	0	27	195	8	0	15	1	3	2	1	94	62	662	236	389	2097	276	662	8	11	58	0	19
denovo3	61	1	18	30	6	51	134	0	661	0	0	0	324	802	180	54	0	20	13	0	0	452	228	0	2055	0	30	208	0	1713	1	135	3	317	1328	0	2509	0	245	29
denovo4	21	54	14	18	36	20	1	6	1	2134	30	7175	2	54	10	1	1	2	9	2	3	1	4	10	0	1	7	115	161	0	12	12	184	0	0	49	209	18	0	0
denovo5	129	7380	352	36	231	82	9	11	33	134	16	160	0	97	2	0	28	5	0	160	177	39	2	32	0	9	300	4	61	0	71	6	302	0	0	41	1	79	26	1
denovo7	0	0	0	0	57	0	48	0	0	0	0	0	384	2969	0	2	663	0	14	4	1	0	111	37	0	1373	146	0	11	4	46	365	0	1	0	232	4	0	0	3
denovo8	6	90	0	322	0	0	1	31	1	1	6	0	10	1	0	3	1	53	47	0	0	17	31	1	0	0	48	0	0	0	0	0	23	0	0	0	5456	1	1	4
denovo9	0	0	0	0	64	0	0	0	0	0	1	0	3	15	0	0	1	1	2	57	2	0	0	0	0	0	0	2	0	0	135	0	2	0	0	10	0	0	0	3957
denovo638	0	0	0	0	0	0	0	0	0	2	1	7	0	0	0	0	0	0	0	0	0	0	0	0	0	0	0	0	0	0	0	0	0	0	0	0	2	0	0	0
denovo655	0	0	0	0	0	0	0	0	0	0	0	0	2	0	0	1	0	0	0	0	0	0	1	0	6	0	0	1	0	0	0	0	0	0	1	0	0	0	0	0
denovo739	0	0	0	0	1	0	1	0	0	0	0	0	0	2	1	0	0	0	0	0	0	0	0	0	0	0	0	0	0	0	2	0	1	0	2	0	0	0	0	0
denovo577	0	9	0	0	0	0	0	0	0	0	0	0	0	0	0	0	0	0	0	0	0	0	0	0	0	0	3	0	0	0	0	0	1	0	0	0	0	1	0	0
denovo654	0	0	0	0	0	0	0	0	0	0	0	0	0	0	0	0	0	0	0	0	0	0	0	0	0	0	0	0	0	0	0	0	12	0	0	0	0	0	0	0
denovo634	0	0	0	0	0	0	2	0	0	0	0	0	0	4	0	0	0	0	0	0	0	0	0	0	0	0	0	0	0	1	0	0	2	0	2	0	0	0	0	0
denovo636	0	0	0	0	0	0	0	0	0	0	0	0	0	0	0	0	0	0	1	0	0	0	0	0	0	0	0	0	0	0	0	0	0	0	0	0	0	0	10	0
denovo257	2	0	0	3	1	0	0	0	0	1	1	1	7	0	0	4	0	1	22	1	2	0	0	0	0	0	0	0	0	0	1	0	0	0	0	2	0	0	0	0
denovo256	0	0	0	0	3	0	2	0	0	0	0	0	2	0	0	0	0	0	0	1	0	0	0	0	0	0	0	0	0	1	44	1	1	0	1	1	0	0	0	0
denovo255	0	0	0	0	0	9	0	0	0	0	52	0	0	0	0	0	0	0	0	0	0	0	0	0	0	0	0	0	0	0	0	0	0	0	0	0	0	0	0	0
denovo254	0	0	1	0	0	2	5	0	1	0	0	0	5	3	3	0	0	0	0	1	0	0	0	0	0	0	0	0	0	10	1	3	6	3	15	0	0	0	0	0
denovo253	0	10	1	0	4	0	0	0	0	0	0	34	0	1	0	0	0	0	0	0	0	0	0	1	0	0	2	0	4	0	0	0	4	0	0	1	0	0	0	2
denovo252	0	0	0	0	0	0	0	0	0	0	0	0	0	0	0	0	0	0	0	0	0	0	0	0	0	0	0	0	0	0	0	0	0	0	0	0	65	0	0	0
denovo251	0	0	0	2	0	0	0	0	0	0	0	0	6	0	0	0	0	0	17	0	0	0	0	0	0	0	0	0	0	0	2	0	6	0	0	0	0	1	1	29
denovo250	0	0	0	0	13	0	0	0	0	0	19	0	0	0	0	0	0	0	1	0	0	5	0	0	0	1	0	0	0	0	2	0	4	0	0	13	0	0	0	0
denovo259	0	0	1	0	0	55	0	0	0	0	0	0	0	0	0	0	0	0	0	3	0	0	0	0	0	0	0	0	0	0	1	0	0	0	0	0	0	0	0	0
denovo258	0	60	0	0	0	0	0	0	0	0	0	0	0	0	0	0	0	0	0	0	0	0	0	0	0	0	0	0	0	0	0	0	0	0	0	0	0	0	0	0
denovo569	0	0	0	0	0	1	0	2	0	0	1	0	0	0	0	0	0	0	0	0	0	0	0	0	0	0	0	0	6	0	0	0	0	0	0	0	0	3	0	0
denovo152	0	161	5	0	0	0	0	0	0	0	0	0	0	0	0	0	0	0	0	0	0	0	0	0	0	0	0	0	0	0	0	0	0	0	0	0	0	0	0	0
denovo745	0	0	0	0	0	5	0	3	0	0	0	0	0	0	0	0	0	0	0	0	0	0	0	0	0	0	0	0	0	0	0	0	0	0	0	0	0	0	0	0
denovo744	0	0	0	0	0	0	0	0	0	0	0	0	0	0	0	0	0	0	0	0	0	0	0	0	0	0	0	0	0	0	0	0	1	0	0	0	0	0	0	9
denovo747	0	2	0	0	0	0	0	0	0	0	0	0	0	2	0	0	0	0	0	0	0	0	3	0	0	0	0	0	1	0	0	0	2	0	0	0	0	0	0	0
denovo741	0	0	0	0	0	0	0	0	0	1	0	7	0	0	0	0	0	0	0	0	0	0	0	0	0	0	0	0	0	0	1	0	0	0	0	0	1	0	0	0
denovo743	0	0	0	0	0	0	0	0	0	0	0	0	0	0	0	0	0	0	0	0	0	0	0	0	0	0	0	0	0	0	0	0	0	0	0	0	10	0	0	0
denovo742	0	0	0	0	0	0	0	0	0	0	0	0	0	5	0	0	0	0	0	1	0	0	0	0	0	0	0	1	0	1	0	0	2	0	0	0	0	0	0	0
denovo749	0	0	1	0	0	0	0	0	0	0	0	0	0	0	1	0	0	0	0	0	0	0	0	0	2	0	0	0	0	0	0	0	0	1	1	0	1	0	2	0
denovo644	0	0	0	0	1	0	0	0	0	0	0	0	0	6	0	0	2	0	0	0	0	0	0	0	0	1	0	0	0	0	0	1	0	0	0	1	0	0	0	0
denovo486	1	0	0	0	0	0	0	0	0	0	0	0	0	0	0	0	0	0	1	0	0	0	0	0	0	0	0	0	0	0	0	0	0	0	0	0	0	1	0	0
denovo645	0	0	0	0	0	0	0	0	1	0	0	0	0	1	1	1	0	0	0	0	0	1	0	0	3	0	0	0	0	1	0	0	0	0	2	0	1	0	0	0
denovo130	0	0	0	0	0	0	0	0	0	0	0	0	0	0	0	0	0	0	0	0	0	0	0	0	0	0	0	0	0	0	0	0	0	0	0	0	204	0	0	0
denovo647	0	0	0	0	0	0	0	0	0	2	0	10	0	0	0	0	0	0	0	0	0	0	0	0	0	0	0	0	0	0	0	0	0	0	0	0	0	0	0	0
denovo136	0	0	1	2	4	3	0	2	0	0	20	0	6	0	0	4	0	1	10	5	0	0	52	0	0	0	0	0	0	0	22	0	0	0	0	48	0	1	0	0
denovo214	0	0	0	0	0	2	10	0	0	0	0	0	5	34	8	1	0	0	0	1	1	0	0	0	0	0	0	0	2	1	3	3	5	1	1	0	0	0	0	0
denovo641	0	0	0	0	0	0	0	0	0	0	0	0	0	0	0	0	0	0	0	0	0	0	0	0	0	0	0	0	0	0	0	0	11	0	0	0	0	0	1	0
denovo642	0	0	0	0	0	0	0	5	0	0	2	0	1	0	0	0	0	0	0	0	0	0	0	0	0	0	0	3	0	0	1	0	0	0	0	0	0	0	0	0
denovo109	0	0	1	18	0	0	0	0	7	0	0	0	0	1	3	0	7	0	0	8	0	0	10	0	0	0	1	17	0	0	1	0	5	0	0	0	37	0	0	151
denovo108	0	43	0	0	0	0	0	0	0	1	0	7	0	0	0	0	0	0	0	1	0	0	0	2	0	0	0	0	0	0	6	0	201	0	0	0	0	8	16	0
denovo107	0	0	0	0	0	0	0	0	0	0	0	0	2	0	0	2	0	0	0	0	0	0	0	0	0	0	0	0	0	0	0	0	0	0	0	0	0	0	0	0
denovo103	0	13	1	5	0	0	0	2	1	6	2	0	37	0	0	18	0	8	142	0	0	0	0	0	0	0	0	0	5	0	2	0	3	0	0	1	7	10	1	0
denovo101	27	16	0	9	1	0	0	2	0	0	0	0	0	0	0	0	0	0	0	0	0	0	2	3	0	1	0	0	0	0	0	0	248	0	0	2	0	1	0	0
denovo238	0	0	0	0	0	0	0	0	0	0	0	0	0	0	0	0	0	0	0	0	0	0	0	0	0	0	0	0	0	0	0	0	2	0	0	0	68	0	0	0
denovo560	0	6	0	0	0	0	0	0	0	0	0	0	0	4	0	0	0	0	0	0	0	0	0	0	0	0	0	0	0	0	0	0	4	0	0	0	0	0	0	0
denovo92	0	0	4	0	0	0	0	0	0	0	0	0	0	0	0	0	0	350	0	0	0	0	0	0	0	0	0	0	0	8	0	1	0	0	0	0	0	0	0	0
denovo93	0	0	0	0	0	0	11	0	0	0	0	0	1	0	0	26	0	0	1	0	0	0	0	9	0	302	0	0	4	0	0	0	0	0	0	0	0	0	0	0
denovo90	0	0	0	0	0	0	0	0	0	0	0	0	0	0	0	0	5	0	0	0	0	0	0	0	0	0	0	0	0	6	0	366	0	0	1	0	0	0	0	0
denovo96	0	267	0	0	0	0	0	0	0	0	0	1	0	0	2	0	0	0	0	0	0	0	0	0	0	0	0	0	0	0	10	0	0	0	0	0	0	0	0	0
denovo97	0	0	0	0	0	0	0	0	0	1	0	317	0	0	0	0	0	0	0	0	0	0	0	0	0	0	0	0	0	0	0	0	1	0	0	0	0	2	0	0
denovo94	37	35	16	0	8	8	0	0	3	195	0	0	7	0	0	2	0	0	22	0	0	0	0	0	0	0	5	0	0	0	0	3	0	0	0	0	0	0	0	5
denovo95	47	0	14	0	15	29	1	0	79	0	0	0	0	0	0	0	17	0	0	35	80	0	0	5	0	1	14	0	1	0	0	1	0	0	0	10	0	0	0	0
denovo98	0	0	0	0	3	0	0	0	0	0	4	0	0	0	0	0	0	2	0	63	4	0	0	0	0	0	0	0	0	0	17	0	0	0	0	0	0	0	0	18
denovo99	0	0	1	0	72	0	0	5	0	0	85	0	3	11	3	0	0	3	0	0	0	0	0	0	0	0	0	5	0	0	0	0	59	0	0	0	0	3	3	61
denovo78	0	0	0	0	0	1	0	313	0	0	52	0	0	0	0	0	0	71	0	0	0	0	0	0	0	0	0	0	0	0	0	0	0	0	0	0	0	0	0	29
denovo79	0	458	0	0	0	0	0	0	0	0	0	0	0	0	0	0	4	0	0	0	3	0	0	0	0	0	24	0	0	0	0	0	0	0	0	0	0	0	1	0
denovo70	0	0	0	14	41	1	0	2	4	0	47	0	10	162	1	26	45	0	31	17	1	0	2	0	0	0	0	0	11	0	22	3	0	0	0	131	0	1	0	1
denovo71	0	0	0	0	0	0	0	0	0	0	0	43	0	0	0	0	0	0	0	0	0	0	0	0	0	0	1	0	0	0	0	0	2	0	0	0	524	0	0	0
denovo72	0	1	0	0	0	0	0	0	0	567	0	1	0	0	0	0	0	0	0	0	0	0	0	0	0	0	0	0	0	0	0	0	0	0	0	0	0	0	0	0
denovo73	0	0	0	0	1	0	0	0	0	450	0	96	3	0	0	0	0	0	0	1	0	0	0	1	0	0	0	0	3	0	0	0	10	0	0	2	0	0	0	0
denovo74	0	0	2	0	0	0	0	44	0	0	4	0	3	1	0	5	0	5	0	0	0	0	0	0	0	0	0	0	0	5	13	0	0	1	6	0	0	17	0	344
denovo75	1	0	4	0	0	0	7	10	0	390	8	18	0	0	0	0	2	9	1	7	6	0	0	15	0	1	5	0	4	0	1	0	4	0	0	3	0	3	0	0
denovo76	0	0	3	0	4	17	0	0	0	0	0	0	6	46	11	5	0	0	0	1	1	0	56	0	0	1	0	72	13	1	1	4	0	0	0	8	0	2	0	197
denovo77	0	1	0	0	0	0	0	0	0	0	0	0	0	0	0	0	0	0	0	0	0	0	0	3	0	0	0	0	0	0	8	0	482	0	0	0	1	0	0	0
denovo449	0	0	0	1	0	0	0	0	0	0	0	0	1	7	2	0	0	0	0	0	0	0	0	0	0	0	0	1	0	0	0	1	2	1	3	0	0	0	0	0
denovo442	0	0	0	0	0	0	2	0	1	0	0	0	2	6	3	0	0	0	0	0	0	0	0	0	0	0	0	0	0	2	0	1	3	0	1	0	0	0	0	0
denovo443	0	0	0	0	0	0	1	0	0	0	0	0	0	6	0	0	0	0	0	0	0	0	0	0	0	12	0	0	1	0	0	0	0	0	0	1	0	0	0	0
denovo249	0	0	0	0	0	0	0	0	2	30	0	0	0	0	0	0	0	0	3	0	0	0	0	0	0	0	0	0	0	0	0	0	1	0	0	2	0	0	14	0
denovo240	0	0	0	31	0	0	0	0	0	0	0	0	0	0	0	0	0	0	0	16	1	0	0	0	0	0	0	0	0	0	1	17	1	0	0	1	0	0	0	0
denovo241	0	0	0	0	0	2	0	46	0	0	11	0	0	0	0	0	0	7	0	0	0	0	0	1	0	0	0	0	0	0	0	0	0	0	0	0	0	0	0	0
denovo244	0	0	0	0	0	0	0	0	0	0	0	68	0	0	0	0	0	0	0	0	0	0	0	0	0	0	0	0	0	0	0	0	0	0	0	0	0	0	0	0
denovo245	0	0	0	0	0	0	1	0	2	0	0	0	1	1	0	0	0	0	0	0	0	0	2	0	1	0	0	0	0	1	0	0	0	0	1	0	54	0	0	0
denovo246	0	0	0	0	0	0	0	43	0	0	11	0	0	0	0	0	0	11	0	0	0	0	0	0	0	0	0	0	0	0	0	0	0	0	0	0	0	0	0	0
denovo247	0	0	0	0	0	0	0	10	0	0	5	0	0	0	0	0	0	4	0	0	0	0	0	0	0	0	0	0	0	0	1	0	0	0	0	0	0	0	0	0
denovo491	0	3	0	0	0	0	0	0	0	0	0	0	0	1	0	0	0	0	0	0	1	0	3	3	0	0	0	0	2	0	1	1	2	0	0	0	0	0	0	0
denovo490	0	0	0	0	0	0	0	1	0	0	0	4	0	0	0	0	0	0	0	0	0	0	0	0	0	0	0	0	0	0	0	0	0	1	0	0	7	0	0	0
denovo756	0	0	0	0	0	0	0	0	0	0	0	0	0	0	0	0	0	0	0	0	0	0	0	0	0	0	0	0	0	0	0	0	0	0	0	0	10	0	0	0
denovo757	0	0	0	0	0	0	0	0	0	0	0	0	0	0	0	0	0	0	0	0	0	0	0	0	0	0	0	0	0	0	0	0	0	0	0	0	10	0	0	0
denovo753	0	0	0	0	0	0	0	0	0	7	0	0	0	0	0	0	0	0	0	0	0	0	3	0	0	0	0	0	0	0	0	0	0	0	0	0	0	0	0	0
denovo751	0	0	0	0	0	0	0	0	1	0	0	0	1	0	0	0	0	0	0	0	0	0	0	0	3	0	0	0	0	1	0	0	0	1	2	0	0	0	0	0
denovo758	0	0	0	0	0	0	0	0	0	0	0	0	2	2	0	0	0	0	0	1	0	0	0	0	0	0	0	0	0	0	1	0	1	0	0	0	0	0	0	0
denovo759	0	0	0	0	0	0	1	0	0	0	0	0	0	6	0	0	0	0	0	0	0	0	0	0	0	0	0	0	0	0	0	1	0	1	0	0	0	0	0	0
denovo663	0	0	0	0	0	0	0	0	0	0	0	0	0	0	0	0	0	0	0	0	0	0	0	0	0	0	0	0	0	0	0	0	0	0	0	0	0	3	8	0
denovo661	0	0	0	0	0	0	0	2	0	0	1	0	0	0	0	0	0	0	0	0	0	0	0	0	0	0	0	0	0	0	0	0	0	0	0	0	0	0	9	0
denovo110	0	0	0	0	0	0	0	0	0	0	0	0	0	0	0	0	0	0	0	0	0	0	0	0	0	0	0	0	0	0	0	0	0	0	0	0	273	0	0	0
denovo111	0	0	0	0	0	0	0	0	0	0	0	0	0	0	0	0	0	0	0	1	1	0	0	0	0	0	0	0	0	0	0	0	0	0	0	0	265	0	0	0
denovo112	0	1	0	1	8	28	0	3	0	0	3	0	2	0	2	5	0	0	0	6	0	0	0	0	0	0	1	10	0	0	23	0	1	1	1	14	0	31	0	47
denovo113	0	13	2	0	4	22	0	10	0	153	17	1	0	0	0	0	0	0	1	4	1	0	0	1	0	2	0	0	1	0	0	0	5	0	0	1	2	0	0	0
denovo114	0	0	0	0	0	0	0	0	18	6	8	0	0	5	0	0	0	0	0	14	0	0	0	3	0	0	0	0	200	0	1	0	0	0	0	0	0	0	0	0
denovo116	0	0	0	0	0	0	0	0	144	0	0	0	0	7	0	0	0	0	0	0	0	0	19	0	0	0	0	0	3	0	0	0	1	0	0	0	78	0	0	0
denovo118	0	0	0	0	0	0	0	0	0	0	0	0	0	0	0	0	0	0	0	0	0	0	0	0	0	0	0	0	0	0	0	0	0	0	0	0	244	0	0	0
denovo6	42	0	312	16	101	20	37	4	28	350	122	402	2	718	3	1	0	5	0	2	0	0	17	153	0	44	58	2	21	3	0	552	3065	0	1	0	4	0	0	80
denovo68	3	92	0	0	0	0	0	0	0	373	5	15	0	1	0	0	0	1	0	3	3	2	0	0	2	6	26	0	0	0	0	0	1	0	0	0	0	2	13	30
denovo61	0	0	0	6	13	0	4	2	0	0	0	0	56	43	0	9	1	0	1	88	1	0	0	0	0	0	0	0	0	3	20	0	10	0	0	58	19	305	5	19
denovo60	0	0	0	0	0	0	0	0	0	1	38	549	1	0	0	0	4	1	0	105	6	0	0	0	0	0	1	0	0	0	0	0	0	0	0	0	0	0	0	0
denovo85	0	0	4	0	0	4	1	186	0	0	48	0	1	0	0	0	0	37	1	1	0	0	0	0	0	7	0	0	2	0	1	0	0	0	0	3	0	0	0	13
denovo84	48	48	6	17	3	9	0	15	2	122	10	2	3	0	0	5	0	3	31	0	5	5	1	0	0	1	3	0	0	0	0	1	56	0	0	0	0	2	0	29
denovo87	10	58	2	33	2	0	3	0	2	1	0	0	3	0	0	3	0	0	51	8	5	0	0	8	0	2	8	0	11	0	5	0	157	0	0	0	0	6	5	7
denovo86	0	0	0	2	0	0	0	0	0	0	0	0	0	0	0	4	0	0	0	0	0	1	0	0	1	0	0	0	0	0	0	0	0	0	0	0	0	0	0	0
denovo81	0	0	0	0	0	0	0	0	0	0	0	0	0	0	0	0	0	0	0	0	0	0	1	0	0	0	0	0	0	0	0	0	476	0	0	0	0	0	0	0
denovo80	11	0	0	0	449	14	0	0	0	0	5	0	0	0	0	0	0	0	0	0	0	0	0	0	0	0	0	2	0	0	1	0	1	0	0	0	0	0	0	0
denovo83	0	0	0	140	0	0	0	0	10	0	0	0	0	0	0	0	0	0	0	0	0	0	0	0	3	0	0	0	0	0	0	0	0	2	0	0	0	0	0	0
denovo82	0	0	0	0	1	0	3	0	0	0	1	0	0	306	0	0	0	0	0	1	0	0	0	4	0	134	0	0	0	3	0	4	0	0	0	10	0	0	0	0
denovo89	1	0	0	3	1	4	0	2	0	0	15	3	8	0	0	4	0	2	38	2	0	0	0	0	0	2	1	0	47	0	4	0	56	0	0	5	135	14	1	40
denovo88	0	0	0	0	0	0	0	0	0	0	0	0	0	0	0	0	351	32	0	0	1	0	0	0	0	0	0	0	0	0	0	11	0	0	0	0	0	0	0	0
denovo63	0	0	0	0	0	3	0	0	0	0	15	19	0	0	0	0	10	269	0	7	2	6	10	0	0	0	1	0	0	4	0	0	0	26	0	0	252	0	0	0
denovo62	0	0	0	0	0	0	503	2	1	0	2	0	0	0	0	0	0	0	0	0	0	0	0	1	0	0	0	0	0	0	0	0	0	0	0	0	161	0	0	0
denovo67	2	0	1	0	0	0	0	0	3	0	0	0	0	0	0	2	0	0	0	0	0	0	0	0	0	0	0	0	0	3	0	1	0	574	0	0	0	0	0	0
denovo66	0	0	0	1	1	0	0	0	0	0	3	10	0	0	10	0	0	6	0	0	0	0	227	0	0	0	0	1	0	1	0	0	0	265	0	0	0	0	0	0
denovo65	1	0	0	0	0	0	0	0	0	0	0	0	0	0	0	0	0	0	0	0	0	0	0	0	0	0	0	0	0	0	0	0	0	610	0	0	0	0	0	0
denovo64	0	0	0	0	0	30	3	8	0	5	52	274	0	0	1	0	0	6	0	0	0	1	0	7	0	1	0	0	40	0	1	0	32	0	0	1	152	0	5	0
denovo239	0	0	0	0	0	0	0	0	0	0	0	0	0	0	0	0	0	0	0	0	0	0	0	0	0	0	0	0	0	0	0	0	0	0	0	0	0	0	0	70
denovo235	0	0	0	11	25	0	0	0	0	0	0	0	0	0	0	1	0	0	0	4	0	0	0	0	0	0	0	0	0	0	0	0	0	0	0	10	0	15	0	1
denovo234	0	0	0	0	0	0	0	0	0	0	0	0	0	0	0	2	0	0	11	0	0	0	0	0	0	0	0	0	0	13	0	1	1	0	1	0	0	0	0	0
denovo237	0	0	24	2	0	1	2	1	0	0	0	0	0	1	0	0	0	0	0	0	0	0	1	2	0	5	0	0	0	0	1	0	25	0	0	2	1	3	1	0
denovo236	0	0	0	0	0	0	0	0	0	0	2	0	0	0	0	0	0	0	0	1	0	0	0	0	0	0	0	0	0	0	0	0	0	0	0	0	65	2	0	0
denovo231	0	0	4	1	0	9	1	0	0	0	1	0	0	0	1	0	0	0	0	4	0	0	1	0	0	0	0	0	46	0	0	1	5	0	0	0	0	0	3	0
denovo230	0	0	0	0	0	0	1	0	0	0	0	0	0	0	0	0	0	0	1	0	0	0	0	2	0	0	0	0	0	10	0	0	0	1	0	0	0	0	0	0
denovo233	0	0	0	0	0	0	0	0	0	0	4	0	0	0	0	0	0	0	0	0	0	0	0	0	0	0	0	0	2	0	0	0	0	0	0	0	68	0	0	0
denovo746	5	0	1	0	0	0	0	0	0	0	0	0	0	0	0	0	0	0	0	0	0	0	0	0	0	0	0	0	0	0	0	0	3	0	0	0	0	0	0	0
denovo679	0	3	0	0	0	0	0	0	0	0	0	0	0	1	0	0	0	0	0	0	0	0	2	0	0	0	0	0	0	0	0	2	1	0	0	0	0	0	0	0
denovo338	0	8	0	0	0	0	0	0	0	0	0	0	0	3	0	0	0	0	0	0	2	0	13	0	0	0	0	0	1	0	0	0	7	0	0	0	0	0	0	0
denovo583	0	0	0	0	0	0	0	0	3	0	0	0	2	0	0	0	0	0	0	0	0	1	0	0	2	0	0	0	0	2	0	0	0	0	2	0	0	0	0	0
denovo582	0	0	1	0	0	0	0	0	0	0	0	0	0	1	1	0	0	0	0	1	2	0	2	0	0	0	1	0	1	0	1	0	1	0	0	0	0	0	0	0
denovo587	0	6	0	0	0	0	0	0	0	0	0	0	0	0	0	0	0	0	0	0	1	0	3	0	0	0	0	1	1	0	0	0	1	0	0	0	0	0	0	0
denovo586	0	0	0	0	0	0	0	0	2	0	0	0	0	0	0	0	0	0	0	0	0	2	1	0	1	0	0	0	0	2	0	0	0	0	1	0	3	0	0	0
denovo585	0	10	0	0	3	0	0	0	0	0	0	0	0	0	0	0	0	0	0	0	0	0	0	0	0	0	0	0	0	0	0	0	0	0	0	0	0	0	0	0
denovo584	0	1	0	0	0	0	0	0	0	0	0	0	0	1	0	0	0	0	0	0	0	0	9	0	0	0	0	0	0	0	0	1	0	0	0	0	0	1	0	0
denovo589	0	2	0	0	0	0	0	0	0	0	0	0	0	1	0	0	0	0	0	0	1	0	6	0	0	0	0	0	1	0	0	1	0	0	0	0	0	0	0	1
denovo341	0	4	0	0	0	0	0	0	0	1	0	1	0	4	0	0	0	0	0	0	2	0	12	0	0	0	1	0	3	0	0	1	3	0	0	0	0	1	0	0
denovo340	0	0	0	0	0	0	0	21	0	0	6	0	0	0	0	0	0	5	0	0	0	0	0	0	0	0	0	0	0	0	0	0	0	0	0	0	0	0	0	0
denovo343	1	0	0	32	0	0	0	0	0	0	0	0	0	0	0	0	0	0	0	0	0	0	0	0	0	0	0	0	0	0	0	0	0	0	0	0	0	0	0	0
denovo342	0	0	0	0	2	0	0	0	0	0	1	0	0	1	0	0	0	0	0	0	0	0	0	0	0	0	0	0	0	0	6	0	0	0	0	0	0	1	0	7
denovo345	0	8	1	0	0	0	0	0	0	0	0	0	0	2	0	0	0	0	0	0	0	0	6	0	0	0	3	0	4	0	2	2	1	0	0	1	0	0	0	2
denovo344	0	0	0	0	0	0	0	0	0	2	0	31	0	0	0	0	0	0	0	0	0	0	0	0	0	0	0	0	0	0	0	0	0	0	0	0	0	0	0	0
denovo347	0	1	0	0	0	0	0	0	1	24	0	0	0	0	0	0	0	0	0	0	0	0	0	0	0	0	1	0	1	0	0	0	1	0	0	0	0	0	1	0
denovo346	0	0	0	0	4	0	0	0	0	0	0	0	0	0	0	0	0	0	0	27	1	0	0	0	0	0	0	0	0	0	0	0	0	0	0	0	0	0	0	0
denovo349	0	0	0	0	0	1	0	20	0	0	4	0	0	0	0	0	0	1	0	0	0	0	0	0	0	0	0	0	0	0	1	0	0	0	0	0	0	0	0	0
denovo348	0	0	0	0	0	0	0	0	0	0	0	0	0	0	0	0	0	0	0	0	0	0	0	0	0	0	0	0	0	0	0	0	0	0	0	0	32	0	0	0
denovo568	0	0	0	0	0	0	0	0	0	0	0	0	0	0	0	0	0	0	0	0	0	0	0	0	6	0	0	0	0	2	0	0	0	0	4	0	0	0	0	0
denovo561	0	0	0	0	0	0	0	0	0	0	0	0	0	0	0	2	0	0	9	0	0	0	0	0	0	0	0	0	0	0	0	0	0	0	0	0	0	0	0	0
denovo563	0	0	0	0	0	0	0	0	0	0	0	0	0	0	0	0	0	0	0	0	0	0	0	0	0	0	0	0	5	0	0	2	7	0	0	0	0	0	0	0
denovo562	0	0	0	0	0	0	0	0	0	5	0	8	0	0	0	0	0	0	0	0	0	0	0	0	0	0	0	0	0	0	0	0	1	0	0	0	0	0	0	0
denovo565	0	2	0	0	0	0	0	0	0	0	0	0	0	0	1	0	0	0	0	0	0	0	6	0	0	0	1	0	0	0	1	0	3	0	0	0	0	0	0	0
denovo564	0	0	0	0	0	0	0	0	0	4	0	0	0	0	0	0	0	0	0	0	0	0	9	0	0	0	0	0	0	0	0	0	1	0	0	0	0	0	0	0
denovo567	0	0	0	0	0	0	0	5	0	0	3	0	0	0	0	0	0	3	0	3	0	0	0	0	0	0	0	0	0	0	0	0	0	0	0	0	0	0	0	0
denovo566	0	0	0	0	0	0	0	0	0	0	0	0	0	14	0	0	0	0	0	0	0	0	0	0	0	0	0	0	0	0	0	0	0	0	0	0	0	0	0	0
denovo697	0	0	0	0	0	0	3	0	0	0	0	0	0	2	0	0	0	0	0	1	0	0	1	0	0	0	0	0	0	0	1	0	1	0	2	0	0	0	0	0
denovo164	0	0	0	0	0	0	0	6	0	0	1	56	0	0	0	0	3	2	0	39	1	0	0	0	0	0	0	0	0	0	0	0	0	0	0	0	0	17	12	0
denovo167	0	0	0	0	11	0	0	20	0	0	6	0	0	0	0	0	0	3	0	0	0	0	0	0	0	0	0	0	0	0	4	0	5	0	0	1	0	0	0	37
denovo694	0	0	0	0	0	0	11	0	0	0	0	0	0	0	0	0	0	0	0	0	0	0	0	0	0	0	0	0	0	0	0	0	0	0	0	0	0	0	0	0
denovo160	0	0	0	0	0	0	0	0	1	127	0	2	0	0	0	0	0	0	0	0	0	0	0	0	0	0	0	0	2	0	0	8	0	0	0	0	0	4	0	0
denovo691	0	0	0	0	0	0	0	0	0	0	0	0	9	0	0	0	0	0	0	0	0	0	0	0	0	0	0	0	0	0	0	0	0	0	0	0	0	0	0	0
denovo162	0	0	0	0	0	0	0	0	0	0	0	141	0	0	0	0	0	1	0	0	0	0	0	0	0	0	0	0	0	0	0	0	0	0	0	0	0	0	0	0
denovo763	0	0	0	0	0	0	1	0	0	0	0	0	1	3	0	0	0	0	0	1	0	0	0	0	0	0	0	0	0	1	0	0	1	0	2	0	0	0	0	0
denovo762	0	0	0	0	0	0	0	0	0	0	0	0	0	0	0	0	0	0	1	0	0	0	0	0	0	0	0	0	0	0	0	0	0	8	0	0	0	0	0	0
denovo761	0	0	0	0	0	0	0	0	0	0	0	2	0	0	0	0	0	0	0	0	0	0	5	0	0	0	1	1	0	0	0	1	0	0	0	0	0	0	0	0
denovo760	0	0	0	0	0	0	0	0	0	1	0	0	0	2	0	0	0	0	0	0	0	0	0	0	0	0	0	0	0	0	0	1	5	0	0	0	0	0	0	0
denovo335	0	0	0	0	0	0	2	0	0	0	0	0	2	2	0	0	1	0	0	0	0	0	0	0	0	25	0	0	1	0	0	2	0	0	0	0	0	0	0	0
denovo339	0	0	0	0	0	2	0	0	0	0	0	0	0	0	0	0	0	0	0	0	0	0	0	0	0	0	0	0	0	0	0	0	14	0	0	0	0	1	1	0
denovo171	0	0	0	0	0	0	0	0	0	0	0	0	0	0	0	0	0	0	0	1	0	0	0	0	0	0	0	0	0	0	0	0	0	0	0	0	1	0	0	0
denovo54	0	0	0	0	1	0	0	1	4	0	1	0	0	3	0	0	0	2	0	0	0	0	0	0	0	0	0	0	0	0	23	0	2	0	0	1	0	0	0	814
denovo55	2	0	1	0	0	180	0	69	0	1	209	111	1	0	8	0	0	66	1	7	0	1	5	0	1	0	0	0	0	2	0	0	0	0	0	0	54	3	14	0
denovo52	1	0	0	14	0	3	0	0	0	0	3	0	0	0	0	0	51	2	0	107	4	0	0	0	1	0	0	0	0	18	0	1	0	2	0	0	0	0	505	0
denovo53	0	0	0	0	0	0	0	0	0	0	0	0	0	1	0	0	0	0	0	0	0	0	0	0	0	0	0	0	0	0	0	0	0	0	0	0	0	0	0	861
denovo50	1	355	0	7	0	1	0	2	0	1	16	1	0	6	1	0	3	0	0	78	3	0	6	0	0	0	0	0	1	0	1	0	407	0	0	0	1	3	20	0
denovo51	0	0	0	0	19	2	0	0	0	0	0	0	6	0	3	0	9	0	8	233	10	0	0	0	0	0	1	11	0	0	204	1	1	0	0	14	0	0	0	295
denovo229	0	0	0	0	3	0	0	0	0	0	0	0	0	0	0	0	0	7	0	0	0	0	0	0	0	0	0	0	0	0	60	0	0	0	0	3	0	4	0	0
denovo226	0	0	0	3	3	5	0	0	0	0	0	0	1	0	0	3	0	0	0	0	0	0	0	1	0	0	5	0	0	0	15	0	0	0	0	8	0	0	0	31
denovo227	0	0	0	0	0	0	25	0	15	0	0	0	0	8	0	0	0	0	0	0	0	1	0	0	0	0	0	0	0	0	0	2	0	3	6	0	0	2	0	0
denovo224	0	7	0	0	1	0	0	0	0	0	0	0	0	0	0	0	0	0	0	2	0	0	0	2	0	0	0	0	0	0	0	0	53	0	0	0	0	9	5	0
denovo225	0	0	0	0	0	0	0	0	0	8	0	0	0	66	0	0	0	0	0	0	0	0	2	0	0	0	0	0	0	0	0	0	2	0	0	0	0	0	0	1
denovo223	56	0	0	0	1	0	0	0	5	0	3	0	0	0	0	0	1	0	0	9	0	0	0	0	0	0	0	0	0	0	0	0	0	0	0	3	0	0	0	0
denovo220	0	0	0	2	0	0	0	0	0	1	0	0	0	1	1	0	0	0	0	0	0	0	0	0	0	0	0	0	0	0	0	0	79	0	0	0	0	0	0	0
denovo221	0	0	0	0	2	0	0	11	0	0	2	0	0	0	0	2	0	3	0	10	0	0	0	0	0	0	0	3	0	0	3	0	3	0	7	0	0	0	0	21
denovo13	0	0	1	0	0	3	0	0	34	2249	10	5	0	10	7	1	0	25	2	1	2	4	277	0	4	3	1	28	4	0	1	3	13	0	0	3	0	0	0	0
denovo10	0	0	0	0	0	13	0	11	1	1	102	782	0	0	12	0	0	59	4	10	0	0	0	4	0	0	0	0	0	15	0	0	5	412	0	0	2866	18	1	3
denovo16	0	1	330	83	226	21	5	0	0	23	1	682	0	103	30	0	2	0	0	98	10	0	0	12	0	4	101	130	1	0	19	0	456	0	0	65	1	0	0	0
denovo581	0	0	0	0	0	0	0	0	0	0	0	0	14	0	0	0	0	0	0	0	0	0	0	0	0	0	0	0	0	0	0	0	0	0	0	0	0	0	0	0
denovo580	0	0	0	0	0	0	0	0	0	0	0	0	0	2	0	0	0	0	0	0	0	1	0	0	2	0	0	0	0	2	0	0	0	0	5	0	0	0	0	0
denovo15	28	35	4	1	0	17	1	0	240	2	1	71	1	59	18	0	1	13	0	0	2	30	786	1	32	4	43	54	6	0	12	2	195	0	0	2	92	2	0	89
denovo594	0	0	0	0	0	0	0	0	0	0	12	0	0	0	0	0	0	0	0	0	0	0	0	0	0	0	0	0	0	0	0	0	0	0	0	0	0	0	0	0
denovo596	0	0	0	0	0	0	1	0	0	0	0	0	3	5	0	0	0	0	0	0	0	0	0	0	0	0	0	0	0	1	1	0	0	1	1	0	0	0	0	0
denovo597	0	0	0	0	0	0	1	0	0	0	0	0	1	6	1	0	0	0	0	0	0	0	0	0	0	0	0	1	0	0	0	1	1	0	0	0	0	0	0	0
denovo590	0	0	0	0	0	0	0	0	0	13	0	0	0	0	0	0	0	0	0	0	0	0	0	0	0	0	0	0	0	0	0	0	0	0	0	0	0	0	0	0
denovo591	0	0	0	0	0	0	0	0	0	0	0	0	0	0	0	0	0	0	0	0	0	0	0	0	0	0	0	0	0	0	0	0	0	0	0	0	13	0	0	0
denovo592	0	1	0	0	0	0	0	0	0	0	0	0	0	0	0	0	0	0	0	0	0	0	10	1	0	1	0	0	0	0	0	0	0	0	0	0	0	0	0	0
denovo598	0	0	0	0	0	0	0	0	0	0	0	0	0	0	0	0	0	0	0	0	0	0	0	1	0	0	0	0	0	0	0	0	2	0	0	0	0	10	0	0
denovo352	0	0	0	0	0	0	0	0	29	0	0	0	0	0	0	0	0	0	0	0	0	0	0	0	0	0	0	0	0	0	0	0	0	0	0	0	0	0	0	0
denovo353	0	0	0	0	0	0	0	0	0	0	0	0	0	0	0	0	0	0	0	0	0	0	0	0	0	0	0	0	0	0	0	0	32	0	0	0	0	0	0	0
denovo350	0	0	0	0	0	0	0	0	0	32	0	0	0	0	0	0	0	0	0	0	0	0	0	0	0	0	0	0	0	0	0	0	0	0	0	0	0	0	0	0
denovo351	0	9	0	0	0	1	0	0	0	0	0	0	0	0	0	0	1	0	0	0	2	0	7	0	0	0	2	0	1	0	0	0	6	0	0	1	0	0	0	2
denovo356	0	0	0	0	0	0	1	0	0	0	9	0	0	0	0	0	0	0	0	0	0	0	0	0	0	0	15	0	3	0	0	0	0	0	0	0	0	0	0	0
denovo357	0	0	0	0	0	0	0	0	2	0	0	0	0	0	0	0	0	0	0	0	0	0	3	0	3	0	0	1	0	4	0	0	0	0	2	0	14	0	1	0
denovo354	0	0	0	0	0	1	5	0	0	0	0	0	0	17	2	0	0	0	0	1	0	0	0	0	0	0	0	0	0	0	0	1	1	0	2	0	0	0	0	0
denovo355	0	0	0	0	0	0	0	17	0	0	7	0	0	0	0	0	0	6	0	0	0	0	0	0	0	0	0	0	0	0	0	0	0	0	0	0	0	0	0	0
denovo358	0	0	0	3	0	0	1	2	0	24	0	0	0	0	0	0	0	1	0	0	0	0	0	0	0	0	0	0	0	0	0	0	0	0	0	0	0	0	0	0
denovo359	0	0	0	0	0	0	0	0	0	1	0	0	0	0	0	0	0	0	0	0	0	0	0	0	0	0	0	0	0	0	0	0	0	3	0	0	0	0	0	0
denovo578	0	1	0	0	0	0	0	0	0	0	0	0	0	2	0	0	1	0	0	0	0	0	3	0	0	0	0	0	1	0	0	1	5	0	0	0	0	0	0	0
denovo579	0	2	0	0	0	0	0	0	0	2	0	0	0	0	0	0	0	0	3	0	4	1	0	0	0	0	0	0	1	0	0	0	0	0	0	0	1	0	0	0
denovo572	0	0	0	0	0	0	0	4	0	0	1	0	0	0	0	0	0	1	0	0	0	2	4	0	0	0	0	2	0	0	0	0	0	0	0	0	0	0	0	0
denovo573	0	0	0	0	0	0	2	0	0	0	0	0	0	3	4	0	0	0	0	0	0	0	0	0	0	0	0	0	0	0	1	0	4	0	0	0	0	0	0	0
denovo570	1	9	0	0	0	0	0	0	0	0	0	1	0	0	0	0	0	0	0	0	0	0	0	0	0	0	2	0	0	0	0	0	1	0	0	0	0	0	0	0
denovo576	0	0	0	1	0	0	4	0	0	0	0	0	0	4	1	0	0	0	0	0	0	0	0	0	0	0	0	0	0	1	0	1	1	0	0	0	0	0	0	0
denovo574	0	0	0	0	0	0	0	0	0	4	2	0	0	0	0	0	0	1	0	2	0	0	0	0	0	0	0	0	0	0	0	0	0	0	0	0	0	2	3	0
denovo575	0	0	3	0	0	0	0	0	0	0	1	2	0	0	0	0	0	0	0	0	0	0	0	4	0	0	0	0	0	0	0	2	2	0	0	0	0	0	0	0
denovo595	0	5	0	0	1	1	0	0	0	1	0	1	0	0	0	0	0	0	0	1	0	1	0	0	0	0	1	0	1	0	0	0	0	0	0	0	0	0	0	0
denovo637	0	0	0	0	0	0	0	0	0	0	0	0	1	5	0	0	0	0	0	0	0	0	2	0	0	0	0	0	0	0	0	1	1	0	0	0	0	0	0	0
denovo688	0	0	1	0	0	0	1	0	1	0	0	0	0	4	1	0	0	0	0	0	0	0	0	0	0	0	0	0	0	0	1	0	0	1	0	0	0	0	0	0
denovo689	0	0	0	0	0	1	2	0	0	0	0	0	0	1	1	0	0	0	0	0	0	0	0	0	0	0	0	0	0	1	0	0	0	2	0	0	0	0	0	0
denovo680	0	3	0	0	0	0	0	0	0	0	0	0	0	3	0	0	0	0	0	0	0	0	3	0	0	0	0	0	2	0	0	0	0	0	0	0	0	0	0	0
denovo681	0	3	0	0	0	0	0	0	0	0	0	1	0	1	0	0	0	0	0	0	0	0	4	0	0	0	1	0	0	0	0	0	1	0	0	0	0	0	0	0
denovo682	0	0	0	0	0	0	0	0	0	5	0	5	0	0	0	0	0	0	0	0	0	0	0	0	0	0	0	1	0	0	0	0	0	0	0	0	0	0	0	0
denovo683	0	0	0	0	0	0	0	0	0	0	0	0	0	0	0	0	0	0	0	0	0	0	0	0	0	0	0	0	0	0	0	0	0	0	0	0	0	0	0	11
denovo684	0	0	0	0	1	1	0	0	0	0	0	0	1	4	1	0	0	0	0	0	0	0	0	0	0	0	0	0	0	0	0	0	1	1	1	0	0	0	0	0
denovo685	0	0	0	0	0	0	0	0	0	0	0	0	0	0	0	0	0	0	0	0	0	0	0	0	0	0	0	0	0	0	0	0	0	11	0	0	0	0	0	0
denovo686	0	4	0	4	0	0	0	0	0	0	0	0	0	0	0	0	0	0	0	0	0	0	0	0	0	0	0	0	0	0	0	0	0	0	0	0	3	0	0	0
denovo176	0	0	0	0	0	0	0	0	0	0	0	0	0	0	0	0	0	0	0	0	0	0	127	0	0	0	0	0	0	0	0	0	0	0	0	0	0	0	0	0
denovo172	0	0	0	0	0	0	0	0	0	0	2	0	0	0	0	0	0	0	0	0	0	0	0	0	0	0	0	0	0	0	0	0	0	0	0	0	0	0	130	0
denovo170	0	0	0	5	0	0	0	0	4	0	1	0	0	0	1	1	7	0	6	4	0	2	0	0	0	0	0	0	0	1	1	20	0	1	0	0	2	0	0	12
denovo178	0	32	0	3	0	4	4	3	0	0	1	0	0	0	0	0	0	0	0	25	1	0	0	34	0	6	0	0	2	0	0	0	0	0	0	0	0	3	7	0
denovo179	0	0	5	0	0	20	0	0	0	0	0	0	0	0	11	0	0	0	0	0	0	0	0	0	0	0	0	90	0	0	0	0	0	0	0	0	0	0	0	0
denovo165	0	2	0	0	6	0	0	0	0	0	0	0	0	0	0	79	2	0	0	9	0	0	0	0	0	0	0	0	0	0	9	0	0	0	0	0	0	24	0	0
denovo41	1	0	3	4	2	43	17	2	1	16	17	0	7	0	8	3	0	2	28	0	0	4	17	87	0	16	0	62	6	0	0	1	262	0	1	11	500	0	1	8
denovo40	0	0	3	7	112	54	1	1	0	0	1	0	0	0	5	0	0	0	0	0	0	0	0	0	0	2	0	51	261	0	0	0	0	0	0	0	0	658	0	0
denovo44	0	124	66	23	0	67	0	6	0	332	2	125	0	59	3	0	0	1	0	13	1	0	0	0	0	0	0	1	0	0	0	0	143	0	0	0	0	1	6	5
denovo47	0	0	0	0	0	49	0	0	0	11	0	864	0	0	0	0	0	2	0	0	0	0	1	0	0	0	0	0	0	0	0	0	24	0	0	0	0	0	0	0
denovo49	2	9	0	0	0	14	6	2	0	642	13	40	12	0	0	5	1	3	42	6	1	0	0	0	0	1	1	12	37	0	0	8	20	0	0	0	0	7	0	0
denovo48	0	5	1	0	1	0	40	0	0	1	0	13	0	0	0	0	0	0	0	0	1	0	0	178	0	42	1	0	15	0	0	0	153	0	0	0	13	0	1	476
denovo695	0	0	0	0	0	0	0	0	0	0	0	0	0	7	2	0	0	0	0	0	0	0	0	0	0	0	0	0	0	0	0	0	0	0	0	0	0	0	0	0
denovo166	0	0	1	4	1	0	0	4	30	0	1	0	17	0	0	3	0	2	42	0	0	0	0	2	0	0	0	0	0	0	0	0	2	0	0	1	0	11	3	0
denovo161	0	0	3	0	0	7	0	0	0	0	1	0	19	1	7	0	2	0	0	1	0	0	3	0	0	0	1	27	0	2	31	0	2	0	0	0	0	0	0	34
denovo692	0	2	0	0	0	0	1	0	0	0	0	0	0	4	0	0	0	0	0	0	0	0	1	1	0	0	0	0	2	0	0	0	0	0	0	0	0	0	0	0
denovo163	0	0	0	0	1	3	0	71	0	0	19	0	1	0	0	1	0	12	17	0	0	0	0	0	0	0	0	0	0	0	0	0	0	0	0	3	0	0	0	0
denovo690	0	0	0	1	0	0	0	0	1	0	0	0	0	0	1	1	0	0	0	0	0	1	0	0	0	0	0	0	0	2	0	0	0	2	0	0	0	0	1	0
denovo515	0	0	0	0	0	0	0	0	2	0	0	0	0	0	0	0	0	0	0	0	0	0	0	0	0	0	0	0	0	0	0	0	1	0	0	0	0	10	3	0
denovo213	0	0	9	0	0	14	0	0	0	0	0	0	0	0	14	0	0	0	0	0	0	0	0	0	0	0	0	50	0	0	0	0	0	0	0	0	0	0	0	0
denovo212	0	0	0	2	0	0	0	0	1	0	0	0	3	2	0	0	1	0	1	4	0	0	0	0	0	0	0	0	0	0	0	0	0	28	0	1	0	1	0	0
denovo211	2	0	19	0	0	0	0	0	0	0	0	5	0	9	0	0	5	0	0	4	11	0	0	0	0	0	0	0	13	0	0	0	0	0	0	0	0	16	0	0
denovo210	0	0	0	0	0	46	0	13	0	0	4	2	0	0	1	0	0	3	0	1	0	0	0	0	0	0	0	0	0	0	0	3	7	0	0	0	0	3	0	5
denovo217	0	0	0	34	0	0	0	0	0	0	0	0	0	0	0	1	0	10	7	0	0	13	0	0	0	0	0	0	0	0	0	0	0	0	0	0	20	0	0	0
denovo216	9	0	0	6	0	0	0	0	13	0	0	0	0	0	0	0	0	0	0	0	0	0	0	0	0	0	0	0	0	0	0	0	0	0	0	0	0	0	0	0
denovo215	0	1	5	6	3	0	0	3	0	0	0	11	1	0	0	0	0	3	2	0	0	0	0	0	0	1	0	0	9	0	7	0	1	0	0	1	29	1	0	0
denovo169	0	0	0	0	0	0	0	0	0	0	0	31	0	0	0	0	0	0	0	0	0	0	2	0	0	0	0	0	0	0	5	0	95	0	0	0	0	0	0	0
denovo219	0	0	1	0	1	0	0	0	0	0	0	0	63	0	2	0	0	0	0	0	0	0	0	0	0	0	0	2	0	6	5	0	2	0	1	0	0	0	0	0
denovo218	0	0	0	0	0	21	0	1	0	0	0	0	0	0	2	0	0	0	0	0	0	0	0	0	0	0	0	0	0	0	0	0	51	0	0	0	0	10	0	0
denovo168	0	0	0	0	0	0	0	0	0	1	5	0	0	0	0	1	0	0	2	0	1	2	0	1	0	0	0	0	0	0	0	0	0	0	0	0	119	2	0	0
denovo699	0	10	0	0	0	0	0	0	0	0	0	0	0	0	0	0	0	0	0	0	0	0	0	0	0	0	0	0	0	0	1	0	0	0	0	0	0	0	0	0
denovo698	0	0	0	0	0	0	0	0	0	0	0	0	0	0	0	0	0	0	4	0	0	0	0	0	0	0	0	0	0	0	0	0	0	0	0	0	0	1	0	0
denovo367	0	0	0	0	0	1	1	0	0	0	0	0	0	14	1	0	0	0	0	1	0	0	0	0	0	0	0	0	0	0	0	0	3	3	3	0	0	0	0	0
denovo366	0	9	0	0	0	1	3	0	0	1	0	1	0	1	0	0	0	0	0	0	1	0	8	1	0	0	0	1	0	0	0	0	0	0	0	1	0	0	0	0
denovo365	0	0	0	0	0	0	0	0	0	0	0	0	1	12	2	0	0	0	0	3	0	0	0	0	0	0	0	0	0	2	1	2	3	0	2	0	1	0	0	0
denovo364	0	0	0	0	1	5	0	3	0	0	1	1	0	0	0	0	0	3	0	0	0	0	0	0	0	0	0	0	0	0	0	0	11	0	0	0	0	2	1	1
denovo363	0	0	1	0	0	0	0	0	0	0	0	15	2	7	0	0	0	0	0	1	3	0	0	0	0	0	0	0	0	0	0	0	0	0	0	0	0	0	0	0
denovo362	8	1	1	1	0	0	0	0	1	3	0	0	0	0	0	1	0	0	4	0	0	0	0	1	0	0	4	0	0	0	0	0	0	0	0	0	0	0	0	2
denovo361	1	8	2	0	0	0	1	0	0	0	0	0	0	0	0	0	0	0	0	0	0	0	5	4	0	0	0	1	1	0	1	0	5	0	0	0	0	0	0	1
denovo360	0	0	0	0	0	3	0	0	0	0	0	0	0	0	0	0	1	0	0	4	0	0	0	0	0	0	0	0	0	0	0	0	0	0	0	0	0	20	2	0
denovo369	0	0	0	0	0	0	0	0	0	0	0	0	0	0	0	2	0	0	18	0	0	0	0	0	0	0	0	0	4	0	0	0	1	0	0	0	0	0	0	0
denovo368	0	0	0	0	0	0	0	0	0	0	0	0	3	0	0	2	0	0	13	4	1	0	0	1	0	0	1	0	0	0	0	0	1	0	0	0	0	0	0	0
denovo549	0	0	0	0	0	0	0	0	1	0	0	0	1	0	0	0	0	0	0	0	0	0	0	0	2	0	0	1	0	2	0	2	0	0	2	0	2	0	1	0
denovo548	0	0	0	0	0	0	0	0	0	0	0	0	0	0	0	1	0	0	0	0	0	0	0	0	0	0	0	0	0	0	1	0	0	0	0	0	0	0	0	13
denovo547	0	0	0	0	0	0	0	0	0	0	0	0	0	10	0	0	0	0	0	0	0	0	0	0	0	2	0	0	0	0	0	2	0	0	0	0	1	0	0	0
denovo546	0	0	0	0	0	0	0	0	0	3	0	0	1	0	0	0	0	0	5	0	0	0	0	0	0	0	0	0	0	0	0	0	3	0	0	0	0	2	0	0
denovo545	0	6	0	0	0	0	0	0	0	1	0	1	0	1	0	0	0	0	0	0	0	0	3	0	0	0	1	0	0	0	0	0	1	0	0	0	0	0	0	1
denovo544	0	2	1	0	0	0	0	0	0	0	0	0	0	1	0	0	0	0	0	0	1	0	7	0	0	0	0	0	0	0	0	0	2	0	0	0	0	0	0	0
denovo543	1	0	0	1	0	0	0	0	0	0	0	0	0	0	0	0	0	0	0	0	0	0	0	0	0	0	0	0	0	0	0	0	9	0	0	0	0	1	3	0
denovo542	0	0	0	0	0	0	0	0	0	0	0	0	0	9	0	0	1	0	0	0	0	0	0	0	0	3	0	0	0	0	0	2	0	0	0	0	0	0	0	0
denovo541	0	0	1	0	0	0	1	0	0	0	0	0	0	2	5	0	0	0	0	0	0	0	0	0	0	0	0	0	0	0	1	0	1	0	0	0	0	0	0	0
denovo540	0	1	0	0	0	0	0	0	0	13	0	0	0	0	0	0	0	0	0	0	0	0	0	0	0	0	1	0	0	0	0	0	0	0	0	0	0	0	0	0
denovo149	1	0	0	0	0	9	0	73	0	0	21	0	7	0	0	1	0	19	26	1	0	0	0	0	0	0	1	0	0	0	0	0	0	0	0	0	0	0	1	0
denovo148	0	0	6	0	0	101	0	1	4	1	0	10	1	0	1	1	0	11	10	0	0	0	0	0	0	0	0	0	0	0	0	0	8	0	0	0	0	10	5	0
denovo143	0	0	0	0	0	0	0	0	41	32	0	0	0	0	0	0	1	0	0	78	2	0	0	0	0	0	0	0	0	0	0	0	0	0	0	0	0	0	0	29
denovo142	0	5	0	0	0	0	3	0	33	0	0	1	0	15	0	1	0	0	4	0	0	0	113	0	0	0	0	0	0	0	2	0	1	0	0	1	0	4	0	1
denovo141	0	0	0	0	0	0	0	0	0	0	0	0	0	0	0	0	187	0	0	0	0	0	0	0	0	0	0	0	0	0	0	0	0	0	0	0	0	0	0	0
denovo140	1	0	0	31	22	1	0	0	0	0	0	2	0	16	1	0	0	0	0	0	0	0	0	0	0	0	0	1	0	0	12	0	0	0	0	93	0	0	0	0
denovo147	0	0	0	0	1	96	1	0	0	0	0	0	6	0	0	0	0	0	0	0	0	0	0	1	0	23	0	0	0	0	41	0	0	0	0	3	0	0	0	0
denovo146	0	0	0	0	0	0	0	10	0	0	0	0	0	0	0	0	0	0	0	0	0	0	1	0	0	0	0	0	0	0	0	0	164	0	0	0	1	0	0	1
denovo145	0	0	0	0	0	0	0	2	0	51	3	9	0	0	0	0	0	6	2	0	0	0	0	2	0	1	3	0	1	0	2	0	1	0	0	0	95	0	0	0
denovo144	0	0	0	0	0	0	170	0	0	0	0	0	0	4	2	0	0	0	0	0	0	0	0	0	0	0	0	0	0	1	0	0	1	0	2	0	0	1	0	0
denovo319	0	0	0	0	0	0	0	0	0	0	0	0	0	0	0	0	0	0	0	0	0	5	0	0	0	0	0	0	0	0	0	0	0	0	0	0	0	0	0	0
denovo312	0	0	0	0	1	0	0	0	0	0	0	0	0	0	0	0	0	0	0	0	0	0	38	0	0	0	0	0	0	0	0	0	0	0	0	0	0	0	0	0
denovo588	0	0	0	0	0	0	0	0	0	0	0	0	0	6	1	0	0	0	0	0	0	0	0	0	0	0	0	0	0	2	0	1	2	0	0	0	0	0	0	0
denovo34	0	0	0	0	0	0	0	0	0	0	0	314	2	0	0	0	144	0	0	142	698	0	0	0	0	0	80	0	0	0	0	0	0	0	0	0	0	0	0	0
denovo35	0	0	11	0	32	26	0	0	0	0	0	0	48	2	42	444	0	0	1	0	0	0	15	0	0	0	0	136	0	5	37	0	2	0	0	4	0	0	0	156
denovo36	0	0	0	52	8	1	2	118	1	0	61	210	147	14	3	53	57	28	6	0	0	0	0	2	0	46	0	25	1	16	2	6	0	13	65	54	0	0	0	0
denovo37	1	0	0	83	2	3	9	0	386	0	0	1	62	17	0	24	2	1	281	6	5	0	0	42	0	11	78	2	3	0	1	0	50	0	0	1	3	75	19	0
denovo30	0	3	0	0	69	0	0	26	1	0	1	2	0	1	0	38	1	6	0	3	0	0	813	1	0	0	1	0	0	1	45	1	20	0	0	3	0	100	0	460
denovo31	0	0	28	20	109	74	3	0	49	89	1	0	3	223	39	23	14	150	15	5	2	0	22	0	0	8	8	267	41	0	79	4	13	0	0	259	5	0	0	16
denovo32	0	0	0	0	0	27	0	21	0	0	308	0	0	0	0	0	0	23	2	0	0	0	0	0	0	0	0	0	0	0	0	0	2	0	0	0	1227	0	3	0
denovo33	1	8	17	23	24	12	4	7	1	348	10	0	5	32	6	10	155	219	26	19	84	2	3	5	0	92	9	44	26	0	21	0	2	0	0	84	0	23	0	149
denovo39	1	0	1	0	9	0	0	0	3	819	0	2	0	0	0	8	0	15	0	1	1	0	5	0	0	0	0	0	0	8	1	0	0	1	0	1	11	40	0	36
denovo204	67	0	0	0	0	0	0	0	1	0	0	0	0	26	0	0	0	0	0	0	0	0	0	0	0	0	0	0	0	0	0	0	0	0	0	0	0	0	0	0
denovo205	0	0	0	0	0	92	0	0	0	0	0	0	0	0	0	0	0	0	0	0	0	0	0	0	0	0	0	1	0	0	0	0	0	0	0	0	0	0	0	0
denovo206	0	0	0	0	0	0	0	0	0	0	0	0	0	0	0	0	0	0	0	0	0	4	11	0	37	0	0	0	0	16	2	0	1	0	0	2	0	0	0	0
denovo207	0	0	0	0	0	0	0	0	0	0	0	0	0	1	0	0	0	0	0	0	0	0	0	0	0	0	0	0	0	0	0	0	0	0	0	0	0	0	0	90
denovo200	0	0	0	0	0	6	0	1	0	56	27	0	0	0	0	0	0	2	0	3	0	0	0	0	0	0	0	0	0	0	0	0	1	0	0	0	0	0	0	0
denovo201	0	0	0	0	0	0	0	0	0	94	0	1	0	0	0	0	0	0	0	0	0	0	0	0	0	0	0	0	0	0	0	0	0	0	0	0	0	0	0	0
denovo202	0	0	0	0	0	0	0	48	0	0	19	0	0	0	0	0	0	14	0	0	0	0	0	0	0	0	0	0	0	0	0	0	0	0	0	0	0	0	0	3
denovo203	0	0	0	0	0	0	0	0	0	0	4	0	0	0	0	0	6	0	0	8	15	1	0	0	1	0	5	0	14	0	0	0	0	0	0	0	0	0	0	0
denovo531	0	0	0	0	0	0	3	0	0	0	0	0	0	7	2	0	0	0	0	0	0	0	0	0	0	0	0	0	0	1	0	0	2	0	0	0	0	0	0	0
denovo208	2	0	63	0	0	0	0	2	0	1	1	1	0	0	3	0	0	1	0	0	0	0	0	0	0	0	0	1	0	0	0	0	0	0	0	0	0	0	0	0
denovo209	27	38	0	1	5	2	0	0	1	0	0	0	0	0	0	0	0	0	0	0	0	0	0	1	0	0	0	0	0	0	1	0	0	0	0	0	0	0	0	10
denovo378	0	0	0	0	0	0	0	0	0	0	0	0	0	0	0	0	0	0	0	0	0	0	0	0	0	0	0	0	0	0	0	0	0	0	0	0	28	0	0	0
denovo379	0	6	0	0	0	0	0	0	0	0	0	2	0	2	0	0	0	0	0	0	0	0	11	0	0	0	0	2	2	0	0	0	3	0	0	0	0	0	0	0
denovo370	0	0	0	0	0	0	3	8	0	0	4	0	0	0	0	0	0	0	0	0	0	0	0	0	0	10	0	0	0	0	1	0	0	0	0	0	0	0	0	0
denovo371	0	0	0	0	0	0	0	0	0	1	0	16	0	0	0	0	0	0	0	0	0	0	0	0	0	0	0	0	0	0	12	0	0	0	0	0	0	0	0	0
denovo372	0	0	0	0	0	5	0	0	0	10	0	0	0	0	0	0	0	0	0	0	0	0	0	0	0	0	0	0	0	0	0	0	13	0	0	0	0	0	1	0
denovo374	0	0	0	0	0	0	0	0	0	0	0	29	0	0	0	0	0	0	0	0	0	0	0	0	0	0	0	0	0	0	0	0	0	0	0	0	0	0	0	0
denovo375	0	0	0	0	0	0	0	0	0	0	0	0	2	0	0	1	0	0	7	0	0	0	0	0	0	0	0	0	0	0	0	0	0	0	0	0	0	0	0	0
denovo376	1	5	6	2	1	0	0	0	0	0	0	1	0	1	0	0	0	0	0	1	1	0	0	1	0	0	1	2	0	0	1	0	4	0	0	0	0	0	0	0
denovo377	0	0	0	0	0	0	0	0	0	24	0	0	0	0	0	0	0	0	0	0	0	0	0	0	0	0	0	0	0	0	0	0	3	0	0	0	0	0	0	0
denovo550	0	0	1	0	0	0	1	0	0	0	0	0	2	3	2	0	0	0	0	0	0	0	0	0	0	0	0	0	0	1	1	1	1	0	2	0	0	0	0	0
denovo551	0	0	0	0	0	0	1	0	0	0	0	0	0	0	0	0	0	0	0	0	0	0	0	0	0	0	0	0	0	0	0	1	0	0	0	0	0	0	0	0
denovo552	0	0	0	0	0	15	0	0	0	0	0	0	0	0	0	0	0	0	0	0	0	0	0	0	0	0	0	0	0	0	0	0	0	0	0	0	0	0	0	0
denovo553	0	0	0	0	0	0	2	0	0	0	0	0	0	4	5	0	0	0	0	0	0	0	0	0	0	0	0	0	0	0	0	0	1	0	1	0	0	0	0	0
denovo554	0	0	0	0	0	0	0	0	0	14	0	0	0	0	0	0	0	0	0	0	0	0	0	0	0	0	0	0	0	0	0	0	0	0	0	0	0	0	0	0
denovo555	0	0	0	0	0	0	0	0	0	0	0	0	0	0	0	0	0	0	0	0	0	0	0	0	0	0	0	0	0	0	0	0	4	0	0	0	0	10	0	0
denovo556	0	0	0	0	0	0	0	0	0	0	0	0	0	0	0	0	0	0	0	14	0	0	0	0	0	0	0	0	0	0	0	0	0	0	0	0	0	0	0	0
denovo557	0	0	0	3	0	0	0	0	0	0	0	0	0	0	0	0	2	0	0	8	0	0	0	0	0	0	0	0	0	0	0	0	0	0	0	0	0	1	0	0
denovo558	0	0	0	0	0	0	0	0	0	0	0	0	0	0	0	0	0	0	0	0	0	0	0	0	0	0	0	0	0	0	0	0	0	0	0	0	14	0	0	0
denovo559	0	0	0	0	0	0	0	0	0	0	0	0	0	12	0	0	0	0	0	0	0	0	0	0	0	0	0	0	0	1	0	0	0	0	0	0	0	0	0	0
denovo158	0	0	0	0	0	0	0	0	0	148	0	0	0	0	0	0	0	0	0	2	0	0	0	0	0	0	0	0	0	0	0	0	0	0	0	0	0	0	0	0
denovo159	0	0	0	0	0	0	0	0	0	0	0	0	0	1	0	0	59	0	0	0	0	0	16	0	0	0	0	0	0	0	0	0	1	0	0	0	0	0	0	69
denovo154	0	4	0	0	0	3	1	0	0	4	0	13	19	0	1	7	0	0	61	0	0	0	0	0	0	0	0	11	2	0	0	0	8	0	0	0	0	3	0	6
denovo155	0	74	0	0	0	2	5	3	0	0	20	0	0	0	0	0	3	0	0	15	0	0	0	26	0	3	0	0	0	0	0	0	1	0	0	0	0	3	1	0
denovo156	0	0	7	8	0	17	0	9	0	0	0	0	18	0	17	0	0	0	0	0	0	0	0	0	0	9	0	66	0	0	2	0	1	0	0	0	0	0	0	1
denovo157	0	0	0	0	0	0	0	0	0	0	0	1	0	0	0	0	0	0	0	0	0	0	149	0	0	0	0	0	0	0	0	0	0	0	0	0	0	0	0	0
denovo150	0	0	55	8	0	88	0	0	0	0	5	0	0	11	4	0	0	0	0	0	0	0	0	0	0	0	0	0	0	0	0	0	0	0	0	0	0	0	0	0
denovo151	0	0	0	4	0	2	0	4	0	0	98	0	0	0	0	0	0	29	0	3	0	0	0	0	0	0	0	0	0	0	0	0	3	0	0	0	0	21	4	0
denovo153	0	0	0	0	1	0	0	0	0	55	0	0	0	0	0	0	0	5	2	0	0	0	0	0	0	0	0	0	26	0	0	0	4	0	0	0	69	0	0	0
denovo38	1	1	0	0	0	0	0	0	0	1166	0	2	0	0	0	0	0	0	0	0	0	0	0	1	0	0	0	1	4	0	0	0	0	0	0	0	0	0	1	0
denovo740	0	0	0	0	2	0	0	0	0	0	0	0	0	0	0	0	0	0	0	0	0	0	1	0	0	0	0	0	0	0	0	0	0	0	0	7	0	0	0	0
denovo748	0	0	0	0	0	0	0	0	0	0	0	0	0	0	0	0	0	0	0	0	0	0	0	0	0	0	0	0	0	0	0	0	0	1	0	0	9	0	0	0
denovo25	2	28	9	0	4	1	0	2	26	115	61	571	22	16	1	7	2	25	90	0	4	1	0	1	1	1	1	7	99	0	2	0	37	0	0	15	421	0	222	0
denovo24	0	0	11	23	0	0	0	10	0	0	260	0	0	1	0	2	620	331	0	1	0	0	0	0	0	0	4	0	0	0	1	0	0	80	0	1	3	0	0	0
denovo23	5	0	3	0	9	15	0	0	1	0	0	0	0	68	11	1	2	0	0	7	0	0	0	0	0	2	0	60	0	0	14	0	0	0	0	45	1	1	0	1897
denovo22	81	181	1	42	40	19	31	29	2	16	4	22	133	47	0	56	3	5	637	155	6	0	2	111	0	25	8	0	16	0	14	0	278	0	0	23	1	18	21	0
denovo21	15	0	8	0	26	87	4	6	0	3	1	836	1	179	15	0	0	3	0	8	0	0	1	12	0	2	135	74	2	0	7	0	529	0	0	14	86	4	17	90
denovo20	2	7	10	399	2	42	15	0	1	0	0	1	1	209	23	590	0	0	1	0	0	0	68	12	0	542	0	126	26	1	12	24	55	0	0	39	2	0	0	0
denovo29	1	0	0	0	0	0	0	1	0	0	0	0	0	3	1	0	0	0	0	7	0	0	0	1	0	0	0	0	0	0	0	3	0	0	0	0	0	0	0	0
denovo308	0	0	0	0	0	38	0	0	0	0	0	0	0	0	0	0	0	0	0	0	0	0	0	0	0	0	0	0	0	0	0	2	0	0	0	0	0	0	0	0
denovo305	0	0	0	0	0	0	0	0	0	2	0	11	0	0	0	0	0	0	1	0	0	0	0	0	0	0	0	0	0	0	0	0	26	0	0	0	0	0	0	0
denovo304	0	0	0	0	0	0	0	0	0	0	0	0	0	0	0	0	0	0	0	1	0	0	0	0	0	0	0	0	0	0	1	0	0	0	0	0	0	0	0	38
denovo307	0	0	0	0	0	0	0	0	0	0	0	0	5	0	0	2	0	0	22	1	0	0	0	0	0	0	0	0	0	0	0	0	0	0	0	0	0	0	0	0
denovo306	0	0	0	2	3	0	0	0	0	0	0	2	4	0	0	1	0	0	16	1	1	0	0	0	0	0	2	0	0	0	0	0	0	0	0	1	0	0	0	0
denovo301	0	0	0	0	0	0	0	0	0	41	0	0	0	0	0	0	0	0	0	0	0	0	0	0	0	0	0	0	0	0	0	0	2	0	0	0	0	0	0	0
denovo300	3	0	0	0	0	0	0	0	0	1	0	27	0	8	0	0	0	0	0	0	0	0	0	0	0	1	1	0	1	0	0	1	0	0	0	0	0	0	0	0
denovo302	0	0	0	0	0	0	0	0	0	0	0	0	3	0	0	0	0	0	0	0	0	0	1	0	0	0	0	1	0	0	0	0	33	0	0	0	0	0	0	2
denovo525	0	0	1	0	0	0	1	0	0	0	0	0	1	2	0	0	0	0	0	0	0	1	0	0	2	0	0	2	0	1	0	0	0	0	2	0	0	0	0	0
denovo524	0	11	0	0	0	0	0	0	0	1	0	2	0	0	0	0	0	0	0	0	0	0	0	0	0	0	1	0	1	0	0	0	0	0	0	0	0	0	0	0
denovo527	0	0	0	0	0	0	1	0	0	0	0	0	0	8	3	0	0	0	0	0	0	0	0	0	0	0	0	0	0	0	0	1	0	1	0	0	0	0	0	0
denovo526	0	0	0	0	0	0	0	4	0	0	0	1	0	0	0	0	0	0	0	9	2	0	0	0	0	0	0	0	0	0	0	0	0	0	0	0	0	0	0	0
denovo521	0	0	0	0	0	0	0	0	0	0	0	0	0	0	0	0	0	0	0	0	0	0	0	0	0	0	0	0	0	0	0	0	0	0	0	0	0	12	4	0
denovo520	0	0	0	0	0	0	0	0	0	0	0	0	0	0	0	0	0	0	0	9	0	0	0	0	0	0	0	0	0	0	0	0	0	0	0	0	0	0	0	0
denovo523	0	0	0	0	0	0	0	0	1	0	0	0	0	1	0	0	0	0	0	0	0	1	0	0	3	0	0	0	0	1	0	0	0	0	2	0	3	0	0	0
denovo522	0	0	0	0	0	0	0	0	0	0	0	0	0	0	0	0	0	0	0	0	0	0	0	0	0	0	0	0	0	0	0	0	2	0	0	0	0	10	0	0
denovo529	0	4	0	0	0	0	0	0	0	0	0	0	0	0	0	0	0	0	0	1	2	0	3	1	0	0	1	1	2	0	1	0	0	0	0	0	0	0	0	0
denovo528	0	0	0	0	0	0	0	10	0	0	4	0	0	0	0	0	0	1	0	0	0	0	0	0	0	0	0	0	0	0	0	0	0	0	0	0	0	0	0	0
denovo106	0	0	0	0	2	0	0	0	0	4	0	0	0	0	0	0	0	1	0	0	0	0	3	0	0	0	0	0	0	0	29	0	255	0	0	1	0	0	0	0
denovo105	1	1	0	0	0	0	0	0	0	206	0	1	0	0	1	0	0	0	1	1	0	1	0	0	0	0	0	0	1	0	0	0	81	0	0	0	0	2	0	0
denovo104	0	221	0	0	0	11	0	0	0	2	0	27	0	1	0	0	0	0	0	4	0	0	0	0	0	0	1	0	0	0	0	0	2	0	0	0	0	0	0	0
denovo411	0	10	0	0	1	0	0	0	0	2	1	0	0	0	0	0	0	0	0	0	0	0	0	1	0	0	0	0	0	0	0	0	9	0	0	0	0	0	0	0
denovo410	0	0	0	0	0	0	0	0	1	0	0	0	0	1	0	0	0	0	0	0	0	1	0	0	3	0	0	0	0	2	0	0	0	0	2	0	10	0	1	0
denovo413	0	0	0	0	0	0	0	0	0	0	0	0	0	0	0	0	0	0	0	0	0	0	0	0	0	0	0	0	0	0	0	0	12	0	0	0	0	0	0	12
denovo412	0	0	0	0	0	7	0	8	0	0	1	0	0	0	0	0	0	5	0	0	0	0	0	0	0	0	0	0	0	0	0	0	1	0	0	0	0	1	0	0
denovo415	0	0	3	1	0	0	0	0	0	0	0	0	0	0	0	0	0	0	0	0	0	0	0	1	0	0	0	0	0	0	4	0	2	0	0	0	0	0	1	11
denovo414	1	2	3	0	1	0	1	0	0	0	0	0	0	0	0	1	0	0	5	0	2	0	0	1	0	0	2	0	0	0	0	1	0	0	0	0	0	0	1	0
denovo417	0	0	0	0	0	0	0	0	4	0	0	0	0	1	0	1	0	0	0	0	0	0	1	0	8	0	0	0	0	2	0	0	0	0	1	0	2	0	0	0
denovo416	0	0	0	0	0	0	0	0	0	0	0	0	0	0	0	0	0	0	0	0	0	0	0	0	0	0	0	0	0	0	5	0	0	0	0	2	0	2	0	0
denovo419	0	0	0	0	0	0	1	0	0	0	0	0	7	0	4	0	0	0	0	0	0	1	0	0	1	0	0	0	0	2	0	0	0	0	5	0	1	0	0	0
denovo418	0	0	0	0	0	0	0	0	0	0	0	0	0	0	0	0	0	0	0	0	0	0	0	0	0	0	0	0	0	0	0	0	23	0	0	0	0	0	0	0
denovo100	19	19	1	0	2	8	0	0	0	80	0	0	3	0	1	3	5	0	29	3	26	5	0	0	0	4	23	4	9	0	11	0	7	0	0	4	1	5	13	16
denovo639	0	1	0	0	0	0	0	0	0	0	0	0	0	0	0	0	0	0	0	0	1	0	4	0	0	0	0	0	4	0	1	0	0	0	0	0	0	0	0	0
denovo631	0	0	0	0	0	10	0	0	0	0	0	0	0	0	0	1	0	0	0	0	1	0	0	0	0	0	0	0	0	0	0	0	0	0	0	0	0	0	0	0
denovo630	0	0	0	1	0	0	0	0	7	0	0	0	0	0	0	0	0	0	0	0	0	0	0	2	0	0	0	0	0	0	0	0	0	0	0	0	0	1	0	0
denovo633	0	0	0	0	0	0	3	0	0	0	0	0	0	4	1	0	0	0	0	0	0	0	0	0	0	0	0	0	0	1	0	0	2	0	0	0	0	0	1	0
denovo632	0	0	0	0	0	0	0	0	0	0	0	0	1	6	2	0	0	0	0	0	0	0	0	0	0	0	0	0	0	0	0	1	1	0	0	0	0	0	0	0
denovo635	0	0	0	0	0	0	0	1	0	1	0	0	0	0	0	0	0	7	0	0	0	0	0	0	0	0	0	0	0	0	0	0	0	0	0	0	3	0	0	0
denovo102	5	0	41	0	0	0	20	46	0	0	6	3	0	0	0	0	1	12	0	0	2	3	0	120	0	16	3	0	11	0	0	0	14	0	0	0	0	3	0	0
denovo46	20	816	0	0	0	30	1	0	1	1	0	36	0	0	0	0	4	0	0	62	2	0	0	1	0	1	1	0	0	0	0	0	0	0	0	0	0	0	1	0
denovo18	782	0	260	67	29	121	1	0	39	1	0	226	2	218	2	0	0	0	0	0	0	0	1	0	0	9	0	1	0	0	6	0	444	0	0	13	2	0	2	0
denovo19	193	0	0	99	0	0	0	1	229	0	0	0	0	0	11	4	0	0	1	0	1	1	0	0	2	0	0	0	0	0	0	0	0	0	0	0	589	41	10	0
denovo12	0	0	161	0	161	0	0	0	0	0	1	0	1	3	0	0	0	0	0	0	0	0	0	0	0	0	0	0	0	0	378	0	0	0	0	800	0	0	0	1399
denovo11	52	1097	24	1	28	2	44	2	0	489	1	312	3	143	4	0	1	1	0	79	0	0	4	101	0	22	0	11	10	0	0	0	815	0	0	0	0	363	0	177
denovo17	20	66	2	0	34	8	1	4	51	611	2	20	1	9	3	0	55	3	3	66	255	0	1081	4	0	1	26	12	7	0	2	7	102	0	0	1	0	4	0	3
denovo14	0	0	0	0	0	0	0	8	0	0	1	0	0	1	0	0	0	2	0	0	0	0	16	0	0	0	0	0	0	0	0	0	2508	0	0	0	7	28	104	0
denovo470	0	0	0	0	0	0	0	1	0	0	0	0	0	0	0	0	0	0	0	0	0	0	0	0	0	0	0	0	0	0	0	0	0	3	0	0	15	0	0	0
denovo373	0	0	0	0	0	0	0	0	0	0	3	0	0	0	0	0	0	0	0	0	0	0	0	0	0	0	0	0	1	0	0	0	0	0	0	0	25	0	0	0
denovo318	0	0	0	0	0	0	0	10	0	0	0	0	0	0	0	0	0	1	0	0	0	0	0	0	0	0	0	0	0	0	0	0	0	0	0	0	0	0	0	0
denovo316	0	0	0	0	0	0	0	0	0	0	0	0	0	0	0	0	0	0	0	0	0	38	0	0	0	0	0	0	0	0	0	0	0	0	0	0	0	0	0	0
denovo317	0	0	0	0	0	0	0	0	0	38	0	0	0	0	0	0	0	0	0	0	0	0	0	0	0	0	0	0	0	0	0	0	0	0	0	0	0	0	0	0
denovo314	0	0	0	0	0	13	0	0	0	0	0	13	0	0	0	0	0	0	0	2	0	0	0	0	0	0	0	0	0	0	0	0	9	0	0	0	0	0	2	0
denovo315	0	0	0	0	0	0	1	0	0	0	0	0	0	0	0	0	0	0	0	2	0	0	0	9	0	1	0	0	0	0	0	0	14	0	0	0	0	8	4	0
denovo313	1	0	0	0	0	0	1	0	0	0	0	0	0	0	0	0	0	0	0	24	0	0	0	4	0	1	0	0	0	0	0	0	8	0	0	0	0	0	0	0
denovo310	0	1	1	0	0	0	0	0	0	0	0	2	0	5	1	0	1	0	0	1	2	0	4	1	0	1	1	0	3	0	0	3	7	0	0	0	0	2	0	3
denovo311	0	0	0	0	1	0	0	0	0	37	0	0	0	0	0	0	0	0	0	0	0	0	0	0	0	0	0	0	0	0	0	0	0	0	0	0	0	0	0	0
denovo536	0	0	0	0	0	0	0	0	0	0	0	0	0	0	5	0	0	0	0	1	0	0	0	0	0	0	0	0	0	0	1	0	8	0	0	0	0	0	0	0
denovo537	0	0	0	0	0	0	0	0	0	0	0	0	0	0	0	0	1	0	0	0	0	0	0	0	0	0	0	0	0	0	0	0	6	0	0	0	8	0	0	0
denovo534	0	0	0	0	0	0	2	0	0	0	0	0	0	6	2	0	0	0	0	0	0	0	0	0	0	0	0	0	0	3	0	1	0	0	1	0	0	0	0	0
denovo535	0	0	0	0	0	0	0	0	0	0	0	0	6	0	0	0	0	0	1	0	0	0	0	0	0	0	0	0	0	0	2	0	0	2	4	0	0	0	0	0
denovo532	0	0	0	0	0	0	1	0	0	0	0	0	0	5	3	0	0	0	0	1	0	0	0	0	0	0	0	0	0	1	0	0	3	0	1	1	0	0	0	0
denovo533	0	9	1	0	0	0	0	0	0	0	0	1	0	0	0	0	0	0	0	0	1	0	0	2	0	0	1	0	0	0	0	0	1	0	0	0	0	0	0	0
denovo530	0	0	0	2	0	0	0	0	0	0	0	0	0	0	0	0	0	0	0	12	2	0	0	0	0	0	0	0	0	0	0	0	0	0	0	0	0	0	0	0
denovo458	0	0	0	0	5	0	0	0	0	0	0	14	0	0	0	0	0	0	0	0	0	0	0	0	0	0	0	0	1	0	0	0	0	0	0	0	0	0	0	0
denovo538	0	0	0	0	0	0	0	0	0	0	0	0	0	1	0	0	0	0	0	0	0	0	0	0	2	0	0	0	0	2	0	0	0	0	1	0	5	0	0	1
denovo539	0	2	0	0	0	0	0	0	0	0	0	1	0	3	0	0	0	0	0	0	0	0	3	0	0	1	1	0	0	0	0	0	3	0	0	0	1	0	0	0
denovo402	11	0	0	0	0	0	0	0	1	6	0	0	0	0	0	0	0	0	0	0	0	0	0	0	0	0	0	0	0	0	0	0	1	0	0	5	0	0	1	0
denovo403	0	0	0	0	0	0	0	0	2	0	0	0	0	1	0	1	0	0	0	0	0	0	0	0	5	0	0	0	0	1	0	0	0	0	1	0	11	0	0	0
denovo400	0	12	0	0	0	0	0	0	0	0	0	0	0	0	0	0	0	0	0	0	0	0	7	2	0	0	0	0	3	0	0	0	1	0	0	0	0	0	0	0
denovo401	0	4	0	0	0	1	0	0	0	0	0	1	0	3	0	0	0	0	0	0	0	0	6	0	0	0	2	3	2	0	0	0	3	0	0	0	0	0	0	0
denovo406	1	0	0	1	0	0	0	7	0	0	1	0	0	0	0	0	0	0	0	0	0	0	0	0	0	0	0	0	0	0	0	0	0	0	0	0	0	4	0	0
denovo407	0	0	0	0	0	0	0	10	0	0	4	0	0	0	0	0	0	9	0	0	0	0	0	0	0	0	0	0	0	0	0	0	0	0	0	0	0	0	0	0
denovo404	0	3	0	0	0	0	0	0	0	0	0	0	0	0	0	0	0	0	0	0	0	0	0	0	0	0	0	0	22	0	0	0	0	0	0	0	0	0	0	0
denovo405	0	0	0	0	0	0	0	6	0	0	2	0	0	0	0	2	0	0	0	0	0	0	0	0	0	0	0	0	0	0	1	4	0	0	0	0	0	0	0	10
denovo408	0	0	1	0	0	0	0	0	0	19	0	0	0	0	0	0	0	0	1	0	0	0	0	0	0	0	0	0	0	0	0	0	4	0	0	0	0	0	0	0
denovo409	0	0	0	0	0	0	0	0	0	0	0	0	0	0	0	0	0	0	0	2	0	0	0	0	0	0	0	0	0	0	0	0	5	0	0	0	0	0	0	0
denovo628	0	0	0	0	2	9	0	0	0	0	0	0	0	0	0	0	0	0	0	1	0	0	0	0	0	0	0	0	0	0	0	0	0	0	0	0	0	0	0	0
denovo629	0	0	0	0	1	0	0	0	0	0	0	0	0	0	0	0	2	0	0	3	6	0	0	0	0	0	0	0	0	0	0	0	0	0	0	0	0	0	0	0
denovo622	0	0	0	0	0	0	0	0	0	0	0	0	0	0	1	0	0	0	0	0	0	0	5	0	0	0	1	1	0	0	0	0	3	0	0	1	0	0	0	0
denovo623	0	0	0	0	0	0	0	0	2	0	0	0	0	1	0	1	0	0	0	0	0	0	0	0	1	0	0	0	0	2	0	0	0	0	1	0	1	0	0	0
denovo620	0	0	0	10	0	0	0	1	0	0	0	0	0	0	0	0	0	0	2	0	0	0	0	0	0	0	0	0	0	0	0	0	0	0	0	0	0	0	0	0
denovo621	0	0	3	0	1	0	0	0	0	1	0	0	0	1	0	0	0	0	0	0	0	0	0	0	0	0	0	0	0	0	0	2	1	0	0	0	0	0	0	0
denovo626	0	0	0	0	0	0	0	0	0	0	0	0	0	0	0	0	0	0	0	0	0	0	1	0	6	0	0	1	0	0	0	0	0	0	1	0	0	0	0	0
denovo627	0	0	0	0	0	0	0	0	0	0	0	0	1	3	0	0	0	0	0	0	0	0	1	0	0	3	1	0	0	0	0	3	0	0	0	0	0	0	0	0
denovo624	0	0	0	0	2	0	0	0	0	0	0	0	0	0	0	0	0	0	0	0	0	0	0	0	0	0	0	0	0	0	0	0	0	0	0	9	0	0	0	0
denovo625	0	0	12	0	0	0	0	0	0	0	0	0	0	0	0	0	0	0	0	0	0	0	0	0	0	0	0	0	0	0	0	0	0	0	0	0	0	0	0	0
denovo450	0	0	2	0	0	0	0	0	0	0	0	0	0	0	0	0	0	0	2	0	1	0	0	0	0	0	8	0	3	0	0	0	0	0	0	1	0	3	0	0
